"../../../Engine/Plugins/Interchange/Runtime/Content/Pipelines/DefaultTexturePipeline.uasset" 0
"../../../Engine/Plugins/Interchange/Runtime/Content/Pipelines/DefaultTexturePipeline.uexp" 1
"../../../Engine/Plugins/Interchange/Runtime/Content/Pipelines/DefaultSceneLevelPipeline.uasset" 2
"../../../Engine/Plugins/Interchange/Runtime/Content/Pipelines/DefaultSceneLevelPipeline.uexp" 3
"../../../Engine/Plugins/Interchange/Runtime/Content/Pipelines/DefaultSceneAssetsPipeline.uasset" 4
"../../../Engine/Plugins/Interchange/Runtime/Content/Pipelines/DefaultSceneAssetsPipeline.uexp" 5
"../../../Engine/Plugins/Interchange/Runtime/Content/Pipelines/DefaultMaterialXPipeline.uasset" 6
"../../../Engine/Plugins/Interchange/Runtime/Content/Pipelines/DefaultMaterialXPipeline.uexp" 7
"../../../Engine/Plugins/Interchange/Runtime/Content/Pipelines/DefaultMaterialPipeline.uasset" 8
"../../../Engine/Plugins/Interchange/Runtime/Content/Pipelines/DefaultMaterialPipeline.uexp" 9
"../../../Engine/Plugins/Interchange/Runtime/Content/Pipelines/DefaultGLTFSceneAssetsPipeline.uasset" 10
"../../../Engine/Plugins/Interchange/Runtime/Content/Pipelines/DefaultGLTFSceneAssetsPipeline.uexp" 11
"../../../Engine/Plugins/Interchange/Runtime/Content/Pipelines/DefaultGLTFPipeline.uasset" 12
"../../../Engine/Plugins/Interchange/Runtime/Content/Pipelines/DefaultGLTFPipeline.uexp" 13
"../../../Engine/Plugins/Interchange/Runtime/Content/Pipelines/DefaultGLTFAssetsPipeline.uasset" 14
"../../../Engine/Plugins/Interchange/Runtime/Content/Pipelines/DefaultGLTFAssetsPipeline.uexp" 15
"../../../Engine/Plugins/Interchange/Runtime/Content/Pipelines/DefaultAssetsPipeline.uasset" 16
"../../../Engine/Plugins/Interchange/Runtime/Content/Pipelines/DefaultAssetsPipeline.uexp" 17
"../../../Engine/Plugins/Animation/ControlRig/Content/Controls/DefaultGizmoLibraryNormalized.uasset" 18
"../../../Engine/Plugins/Animation/ControlRig/Content/Controls/DefaultGizmoLibraryNormalized.uexp" 19
"../../../Engine/Plugins/Animation/ACLPlugin/Content/ACLAnimCurveCompressionSettings.uasset" 20
"../../../Engine/Plugins/Animation/ACLPlugin/Content/ACLAnimCurveCompressionSettings.uexp" 21
"../../../Engine/Plugins/Animation/ACLPlugin/Content/ACLAnimBoneCompressionSettings.uasset" 22
"../../../Engine/Plugins/Animation/ACLPlugin/Content/ACLAnimBoneCompressionSettings.uexp" 23
"../../../Engine/Plugins/2D/Paper2D/Content/PlaceholderTextures/DummySpriteTexture.ubulk" 24
"../../../Engine/Plugins/2D/Paper2D/Content/PlaceholderTextures/DummySpriteTexture.uasset" 25
"../../../Engine/Plugins/2D/Paper2D/Content/PlaceholderTextures/DummySpriteTexture.uexp" 26
"../../../Engine/Plugins/2D/Paper2D/Content/DummySprite.uasset" 27
"../../../Engine/Plugins/2D/Paper2D/Content/DummySprite.uexp" 28
"../../../Engine/Plugins/2D/Paper2D/Content/DefaultPaperTerrainMaterial.uasset" 29
"../../../Engine/Plugins/2D/Paper2D/Content/DefaultPaperTerrainMaterial.uexp" 30
"../../../Engine/Content/MobileResources/HUD/VirtualJoystick_Background.uasset" 31
"../../../Engine/Content/MobileResources/HUD/VirtualJoystick_Background.uexp" 32
"../../../Engine/Content/MobileResources/HUD/VirtualJoystick_Thumb.uasset" 33
"../../../Engine/Content/MobileResources/HUD/VirtualJoystick_Thumb.uexp" 34
"../../../Engine/Content/MobileResources/HUD/DefaultVirtualJoysticks.uasset" 35
"../../../Engine/Content/MobileResources/HUD/DefaultVirtualJoysticks.uexp" 36
"../../../Engine/Content/EngineSounds/Master.uasset" 37
"../../../Engine/Content/EngineSounds/Master.uexp" 38
"../../../Engine/Content/EngineMaterials/DefaultPhysicalMaterial.uasset" 39
"../../../Engine/Content/EngineMaterials/DefaultPhysicalMaterial.uexp" 40
"../../../Engine/Content/EngineMaterials/DefaultDestructiblePhysicalMaterial.uasset" 41
"../../../Engine/Content/EngineMaterials/DefaultDestructiblePhysicalMaterial.uexp" 42
"../../../Engine/Content/EngineFonts/Faces/RobotoLight.uexp" 43
"../../../Engine/Content/EngineFonts/Faces/RobotoLight.uasset" 44
"../../../Engine/Content/EngineFonts/Faces/RobotoLight.ufont" 45
"../../../Engine/Content/EngineFonts/Faces/RobotoBold.uexp" 46
"../../../Engine/Content/EngineFonts/Faces/RobotoBold.uasset" 47
"../../../Engine/Content/EngineFonts/Faces/RobotoBold.ufont" 48
"../../../Engine/Content/EngineFonts/Faces/RobotoRegular.uexp" 49
"../../../Engine/Content/EngineFonts/Faces/RobotoRegular.uasset" 50
"../../../Engine/Content/EngineFonts/Faces/RobotoRegular.ufont" 51
"../../../Engine/Content/EngineFonts/Faces/DroidSansFallback.uexp" 52
"../../../Engine/Content/EngineFonts/Faces/DroidSansFallback.uasset" 53
"../../../Engine/Content/EngineFonts/Faces/DroidSansFallback.ufont" 54
"../../../Engine/Content/EngineFonts/Faces/RobotoItalic.uexp" 55
"../../../Engine/Content/EngineFonts/Faces/RobotoItalic.uasset" 56
"../../../Engine/Content/EngineFonts/Faces/RobotoItalic.ufont" 57
"../../../Engine/Content/EngineFonts/Faces/RobotoBoldItalic.uexp" 58
"../../../Engine/Content/EngineFonts/Faces/RobotoBoldItalic.uasset" 59
"../../../Engine/Content/EngineFonts/Faces/RobotoBoldItalic.ufont" 60
"../../../Engine/Content/EngineFonts/Roboto.uasset" 61
"../../../Engine/Content/EngineFonts/Roboto.uexp" 62
"../../../Engine/Content/Animation/DefaultVariableFrameStrippingSettings.uasset" 63
"../../../Engine/Content/Animation/DefaultVariableFrameStrippingSettings.uexp" 64
"../../../Engine/Content/Animation/DefaultRecorderBoneCompression.uasset" 65
"../../../Engine/Content/Animation/DefaultRecorderBoneCompression.uexp" 66
"../../../Engine/Content/EditorResources/S_Actor.ubulk" 67
"../../../Engine/Content/EditorResources/S_Actor.uasset" 68
"../../../Engine/Content/EditorResources/S_Actor.uexp" 69
"../../../Engine/Content/EditorResources/S_BoxReflectionCapture.uasset" 70
"../../../Engine/Content/EditorResources/S_BoxReflectionCapture.uexp" 71
"../../../Engine/Content/EngineResources/DefaultTextureCube.uasset" 72
"../../../Engine/Content/EngineResources/DefaultTextureCube.uexp" 73
"../../../Engine/Content/EngineResources/DefaultVolumeTexture2D.uasset" 74
"../../../Engine/Content/EngineResources/DefaultVolumeTexture2D.uexp" 75
"../../../Engine/Content/EngineResources/DefaultVolumeTexture.uasset" 76
"../../../Engine/Content/EngineResources/DefaultVolumeTexture.uexp" 77
"../../../Engine/Content/EditorResources/S_Trigger.ubulk" 78
"../../../Engine/Content/EditorResources/S_Trigger.uasset" 79
"../../../Engine/Content/EditorResources/S_Trigger.uexp" 80
"../../../Engine/Content/EditorResources/S_TriggerBox.uasset" 81
"../../../Engine/Content/EditorResources/S_TriggerBox.uexp" 82
"../../../Engine/Content/EditorResources/S_TriggerCapsule.uasset" 83
"../../../Engine/Content/EditorResources/S_TriggerCapsule.uexp" 84
"../../../Engine/Content/EditorResources/S_TriggerSphere.uasset" 85
"../../../Engine/Content/EditorResources/S_TriggerSphere.uexp" 86
"../../../Engine/Content/EngineMeshes/Sphere.uasset" 87
"../../../Engine/Content/EngineMeshes/Sphere.uexp" 88
"../../../Engine/Content/EngineResources/GradientTexture0.uasset" 89
"../../../Engine/Content/EngineResources/GradientTexture0.uexp" 90
"../../../Engine/Content/EngineResources/Black.uasset" 91
"../../../Engine/Content/EngineResources/Black.uexp" 92
"../../../Engine/Plugins/Runtime/MeshModelingToolset/Content/Materials/M_DynamicMeshComponentVtxColor.uasset" 93
"../../../Engine/Plugins/Runtime/MeshModelingToolset/Content/Materials/M_DynamicMeshComponentVtxColor.uexp" 94
"../../../Engine/Plugins/Runtime/HairStrands/Content/Materials/HairMeshesDefaultMaterial.uasset" 95
"../../../Engine/Plugins/Runtime/HairStrands/Content/Materials/HairMeshesDefaultMaterial.uexp" 96
"../../../Engine/Plugins/Runtime/HairStrands/Content/Materials/HairDefaultMaterial.uasset" 97
"../../../Engine/Plugins/Runtime/HairStrands/Content/Materials/HairDefaultMaterial.uexp" 98
"../../../Engine/Plugins/Runtime/HairStrands/Content/Materials/HairGroupColors.uasset" 99
"../../../Engine/Plugins/Runtime/HairStrands/Content/Materials/HairGroupColors.uexp" 100
"../../../Engine/Content/Functions/Engine_MaterialFunctions02/Utility/MakeFloat2.uasset" 101
"../../../Engine/Content/Functions/Engine_MaterialFunctions02/Utility/MakeFloat2.uexp" 102
"../../../Engine/Content/Functions/Engine_MaterialFunctions02/Utility/MakeFloat3.uasset" 103
"../../../Engine/Content/Functions/Engine_MaterialFunctions02/Utility/MakeFloat3.uexp" 104
"../../../Engine/Content/EngineMaterials/HairColorMap.uasset" 105
"../../../Engine/Content/EngineMaterials/HairColorMap.uexp" 106
"../../../Engine/Content/EngineMaterials/HairDebugColor.uasset" 107
"../../../Engine/Content/EngineMaterials/HairDebugColor.uexp" 108
"../../../Engine/Plugins/Runtime/HairStrands/Content/Materials/HairDebugMaterial.uasset" 109
"../../../Engine/Plugins/Runtime/HairStrands/Content/Materials/HairDebugMaterial.uexp" 110
"../../../Engine/Plugins/Runtime/HairStrands/Content/Materials/HairCardsDefaultMaterial.uasset" 111
"../../../Engine/Plugins/Runtime/HairStrands/Content/Materials/HairCardsDefaultMaterial.uexp" 112
"../../../Engine/Plugins/Runtime/AudioWidgets/Content/Resources/ScrubHandleDown_Clamped.uasset" 113
"../../../Engine/Plugins/Runtime/AudioWidgets/Content/Resources/ScrubHandleDown_Clamped.uexp" 114
"../../../Engine/Content/Functions/Engine_MaterialFunctions02/Texturing/CustomRotator.uasset" 115
"../../../Engine/Content/Functions/Engine_MaterialFunctions02/Texturing/CustomRotator.uexp" 116
"../../../Engine/Content/Functions/Engine_MaterialFunctions02/Utility/BreakOutFloat2Components.uasset" 117
"../../../Engine/Content/Functions/Engine_MaterialFunctions02/Utility/BreakOutFloat2Components.uexp" 118
"../../../Engine/Content/Functions/Engine_MaterialFunctions01/Texturing/ScaleUVsByCenter.uasset" 119
"../../../Engine/Content/Functions/Engine_MaterialFunctions01/Texturing/ScaleUVsByCenter.uexp" 120
"../../../Engine/Plugins/Runtime/AudioWidgets/Content/AudioMaterialSlate/Functions/MF_SingleLine_Smooth.uasset" 121
"../../../Engine/Plugins/Runtime/AudioWidgets/Content/AudioMaterialSlate/Functions/MF_SingleLine_Smooth.uexp" 122
"../../../Engine/Plugins/Runtime/AudioWidgets/Content/AudioMaterialSlate/Functions/MF_AngleGradient.uasset" 123
"../../../Engine/Plugins/Runtime/AudioWidgets/Content/AudioMaterialSlate/Functions/MF_AngleGradient.uexp" 124
"../../../Engine/Plugins/Runtime/AudioWidgets/Content/AudioMaterialSlate/Functions/MF_SingleLine.uasset" 125
"../../../Engine/Plugins/Runtime/AudioWidgets/Content/AudioMaterialSlate/Functions/MF_SingleLine.uexp" 126
"../../../Engine/Content/Functions/Engine_MaterialFunctions01/Gradient/SphereGradient-2D.uasset" 127
"../../../Engine/Content/Functions/Engine_MaterialFunctions01/Gradient/SphereGradient-2D.uexp" 128
"../../../Engine/Plugins/Runtime/AudioWidgets/Content/AudioMaterialSlate/M_AudioMaterialToggleButton.uasset" 129
"../../../Engine/Plugins/Runtime/AudioWidgets/Content/AudioMaterialSlate/M_AudioMaterialToggleButton.uexp" 130
"../../../Engine/Plugins/Runtime/AudioWidgets/Content/AudioMaterialSlate/MI_AudioMaterialToggleButton.uasset" 131
"../../../Engine/Plugins/Runtime/AudioWidgets/Content/AudioMaterialSlate/MI_AudioMaterialToggleButton.uexp" 132
"../../../Engine/Content/Functions/Engine_MaterialFunctions02/Utility/VectorLength.uasset" 133
"../../../Engine/Content/Functions/Engine_MaterialFunctions02/Utility/VectorLength.uexp" 134
"../../../Engine/Content/Functions/Engine_MaterialFunctions01/Gradient/GeneratedRoundRect.uasset" 135
"../../../Engine/Content/Functions/Engine_MaterialFunctions01/Gradient/GeneratedRoundRect.uexp" 136
"../../../Engine/Plugins/Runtime/AudioWidgets/Content/AudioMaterialSlate/M_AudioMaterialRoundedSlider.uasset" 137
"../../../Engine/Plugins/Runtime/AudioWidgets/Content/AudioMaterialSlate/M_AudioMaterialRoundedSlider.uexp" 138
"../../../Engine/Plugins/Runtime/AudioWidgets/Content/AudioMaterialSlate/MI_AudioMaterialRoundedSlider.uasset" 139
"../../../Engine/Plugins/Runtime/AudioWidgets/Content/AudioMaterialSlate/MI_AudioMaterialRoundedSlider.uexp" 140
"../../../Engine/Plugins/Runtime/AudioWidgets/Content/AudioMaterialSlate/Functions/MF_Lines.uasset" 141
"../../../Engine/Plugins/Runtime/AudioWidgets/Content/AudioMaterialSlate/Functions/MF_Lines.uexp" 142
"../../../Engine/Content/Functions/Engine_MaterialFunctions02/Lerp_3Color.uasset" 143
"../../../Engine/Content/Functions/Engine_MaterialFunctions02/Lerp_3Color.uexp" 144
"../../../Engine/Plugins/Runtime/AudioWidgets/Content/AudioMaterialSlate/M_AudioMaterialMeter.uasset" 145
"../../../Engine/Plugins/Runtime/AudioWidgets/Content/AudioMaterialSlate/M_AudioMaterialMeter.uexp" 146
"../../../Engine/Plugins/Runtime/AudioWidgets/Content/AudioMaterialSlate/MI_AudioMaterialMeter.uasset" 147
"../../../Engine/Plugins/Runtime/AudioWidgets/Content/AudioMaterialSlate/MI_AudioMaterialMeter.uexp" 148
"../../../Engine/Plugins/Runtime/AudioWidgets/Content/AudioMaterialSlate/M_AudioMaterialKnob.uasset" 149
"../../../Engine/Plugins/Runtime/AudioWidgets/Content/AudioMaterialSlate/M_AudioMaterialKnob.uexp" 150
"../../../Engine/Plugins/Runtime/AudioWidgets/Content/AudioMaterialSlate/MI_AudioMaterialKnob.uasset" 151
"../../../Engine/Plugins/Runtime/AudioWidgets/Content/AudioMaterialSlate/MI_AudioMaterialKnob.uexp" 152
"../../../Engine/Plugins/Runtime/AudioWidgets/Content/AudioMaterialSlate/Functions/MF_DotOutlined.uasset" 153
"../../../Engine/Plugins/Runtime/AudioWidgets/Content/AudioMaterialSlate/Functions/MF_DotOutlined.uexp" 154
"../../../Engine/Plugins/Runtime/AudioWidgets/Content/AudioMaterialSlate/M_AudioMaterialEnvelope_ADSR.uasset" 155
"../../../Engine/Plugins/Runtime/AudioWidgets/Content/AudioMaterialSlate/M_AudioMaterialEnvelope_ADSR.uexp" 156
"../../../Engine/Plugins/Runtime/AudioWidgets/Content/AudioMaterialSlate/MI_AudioMaterialEnvelope_ADSR.uasset" 157
"../../../Engine/Plugins/Runtime/AudioWidgets/Content/AudioMaterialSlate/MI_AudioMaterialEnvelope_ADSR.uexp" 158
"../../../Engine/Plugins/NNE/NNEDenoiser/Content/NNEDTOM_Output_Default.uasset" 159
"../../../Engine/Plugins/NNE/NNEDenoiser/Content/NNEDTOM_Output_Default.uexp" 160
"../../../Engine/Plugins/NNE/NNEDenoiser/Content/NNEDTOM_Output_Alpha.uasset" 161
"../../../Engine/Plugins/NNE/NNEDenoiser/Content/NNEDTOM_Output_Alpha.uexp" 162
"../../../Engine/Plugins/NNE/NNEDenoiser/Content/NNEDTIM_ColorAlbedoNormal_Default.uasset" 163
"../../../Engine/Plugins/NNE/NNEDenoiser/Content/NNEDTIM_ColorAlbedoNormal_Default.uexp" 164
"../../../Engine/Plugins/NNE/NNEDenoiser/Content/NNEDTIM_ColorAlbedoNormal_Alpha.uasset" 165
"../../../Engine/Plugins/NNE/NNEDenoiser/Content/NNEDTIM_ColorAlbedoNormal_Alpha.uexp" 166
"../../../Engine/Plugins/NNE/NNEDenoiser/Content/NNEDOM_Output_Default.uasset" 167
"../../../Engine/Plugins/NNE/NNEDenoiser/Content/NNEDOM_Output_Default.uexp" 168
"../../../Engine/Plugins/NNE/NNEDenoiser/Content/NNEDOM_Output_Alpha.uasset" 169
"../../../Engine/Plugins/NNE/NNEDenoiser/Content/NNEDOM_Output_Alpha.uexp" 170
"../../../Engine/Plugins/NNE/NNEDenoiser/Content/NNEDIM_HighQuality_Default.uasset" 171
"../../../Engine/Plugins/NNE/NNEDenoiser/Content/NNEDIM_HighQuality_Default.uexp" 172
"../../../Engine/Plugins/NNE/NNEDenoiser/Content/NNEDIM_HighQuality_Alpha.uasset" 173
"../../../Engine/Plugins/NNE/NNEDenoiser/Content/NNEDIM_HighQuality_Alpha.uexp" 174
"../../../Engine/Plugins/NNE/NNEDenoiser/Content/NNEDIM_ColorAlbedoNormal_Default.uasset" 175
"../../../Engine/Plugins/NNE/NNEDenoiser/Content/NNEDIM_ColorAlbedoNormal_Default.uexp" 176
"../../../Engine/Plugins/NNE/NNEDenoiser/Content/NNEDIM_ColorAlbedoNormal_Alpha.uasset" 177
"../../../Engine/Plugins/NNE/NNEDenoiser/Content/NNEDIM_ColorAlbedoNormal_Alpha.uexp" 178
"../../../Engine/Content/EngineMaterials/T_Default_Material_Grid_M.ubulk" 179
"../../../Engine/Content/EngineMaterials/T_Default_Material_Grid_M.uasset" 180
"../../../Engine/Content/EngineMaterials/T_Default_Material_Grid_M.uexp" 181
"../../../Engine/Content/EngineMaterials/T_Default_Material_Grid_N.ubulk" 182
"../../../Engine/Content/EngineMaterials/T_Default_Material_Grid_N.uasset" 183
"../../../Engine/Content/EngineMaterials/T_Default_Material_Grid_N.uexp" 184
"../../../Engine/Content/Functions/Engine_MaterialFunctions01/Opacity/CameraDepthFade.uasset" 185
"../../../Engine/Content/Functions/Engine_MaterialFunctions01/Opacity/CameraDepthFade.uexp" 186
"../../../Engine/Content/EngineMaterials/WorldGridMaterial.uasset" 187
"../../../Engine/Content/EngineMaterials/WorldGridMaterial.uexp" 188
"../../../Engine/Plugins/Media/MediaPlate/Content/SM_MediaPlateScreen.uasset" 189
"../../../Engine/Plugins/Media/MediaPlate/Content/SM_MediaPlateScreen.uexp" 190
"../../../Engine/Plugins/Interchange/Assets/Content/Functions/MX_UsdPreviewSurface.uasset" 191
"../../../Engine/Plugins/Interchange/Assets/Content/Functions/MX_UsdPreviewSurface.uexp" 192
"../../../Engine/Plugins/Interchange/Assets/Content/Functions/MX_UniformEDF.uasset" 193
"../../../Engine/Plugins/Interchange/Assets/Content/Functions/MX_UniformEDF.uexp" 194
"../../../Engine/Plugins/Interchange/Assets/Content/Functions/MX_TranslucentBSDF.uasset" 195
"../../../Engine/Plugins/Interchange/Assets/Content/Functions/MX_TranslucentBSDF.uexp" 196
"../../../Engine/Plugins/Interchange/Assets/Content/Functions/MX_ThinFilmBSDF.uasset" 197
"../../../Engine/Plugins/Interchange/Assets/Content/Functions/MX_ThinFilmBSDF.uexp" 198
"../../../Engine/Plugins/Interchange/Assets/Content/Functions/MX_SurfaceUnlit.uasset" 199
"../../../Engine/Plugins/Interchange/Assets/Content/Functions/MX_SurfaceUnlit.uexp" 200
"../../../Engine/Plugins/Interchange/Assets/Content/Functions/MX_Surface.uasset" 201
"../../../Engine/Plugins/Interchange/Assets/Content/Functions/MX_Surface.uexp" 202
"../../../Engine/Plugins/Interchange/Assets/Content/Functions/MX_SubsurfaceBSDF.uasset" 203
"../../../Engine/Plugins/Interchange/Assets/Content/Functions/MX_SubsurfaceBSDF.uexp" 204
"../../../Engine/Plugins/Interchange/Assets/Content/Functions/MX_SheenBSDF.uasset" 205
"../../../Engine/Plugins/Interchange/Assets/Content/Functions/MX_SheenBSDF.uexp" 206
"../../../Engine/Plugins/Interchange/Assets/Content/Functions/MX_OrenNayarBSDF.uasset" 207
"../../../Engine/Plugins/Interchange/Assets/Content/Functions/MX_OrenNayarBSDF.uexp" 208
"../../../Engine/Plugins/Interchange/Assets/Content/Utilities/New_LUT.uasset" 209
"../../../Engine/Plugins/Interchange/Assets/Content/Utilities/New_LUT.uexp" 210
"../../../Engine/Content/Functions/Engine_MaterialFunctions03/Math/RemapValueRange.uasset" 211
"../../../Engine/Content/Functions/Engine_MaterialFunctions03/Math/RemapValueRange.uexp" 212
"../../../Engine/Plugins/Interchange/Assets/Content/Functions/MF_Iridescence.uasset" 213
"../../../Engine/Plugins/Interchange/Assets/Content/Functions/MF_Iridescence.uexp" 214
"../../../Engine/Plugins/Interchange/Assets/Content/Functions/MX_StandardSurface.uasset" 215
"../../../Engine/Plugins/Interchange/Assets/Content/Functions/MX_StandardSurface.uexp" 216
"../../../Engine/Plugins/Interchange/Assets/Content/Functions/MX_TransmissionSurface.uasset" 217
"../../../Engine/Plugins/Interchange/Assets/Content/Functions/MX_TransmissionSurface.uexp" 218
"../../../Engine/Plugins/Interchange/Assets/Content/Functions/MX_OpenPBR_Translucent.uasset" 219
"../../../Engine/Plugins/Interchange/Assets/Content/Functions/MX_OpenPBR_Translucent.uexp" 220
"../../../Engine/Plugins/Interchange/Assets/Content/Functions/MX_OpenPBR_Opaque.uasset" 221
"../../../Engine/Plugins/Interchange/Assets/Content/Functions/MX_OpenPBR_Opaque.uexp" 222
"../../../Engine/Plugins/Interchange/Assets/Content/Functions/MX_MeasuredEDF.uasset" 223
"../../../Engine/Plugins/Interchange/Assets/Content/Functions/MX_MeasuredEDF.uexp" 224
"../../../Engine/Plugins/Interchange/Assets/Content/Functions/MX_GeneralizedSchlickBSDF.uasset" 225
"../../../Engine/Plugins/Interchange/Assets/Content/Functions/MX_GeneralizedSchlickBSDF.uexp" 226
"../../../Engine/Plugins/Interchange/Assets/Content/Functions/MX_DielectricBSDF.uasset" 227
"../../../Engine/Plugins/Interchange/Assets/Content/Functions/MX_DielectricBSDF.uexp" 228
"../../../Engine/Plugins/Interchange/Assets/Content/Functions/MX_ConicalEDF.uasset" 229
"../../../Engine/Plugins/Interchange/Assets/Content/Functions/MX_ConicalEDF.uexp" 230
"../../../Engine/Plugins/Interchange/Assets/Content/Functions/MX_ConductorBSDF.uasset" 231
"../../../Engine/Plugins/Interchange/Assets/Content/Functions/MX_ConductorBSDF.uexp" 232
"../../../Engine/Plugins/Interchange/Assets/Content/Functions/MX_BurleyDiffuseBSDF.uasset" 233
"../../../Engine/Plugins/Interchange/Assets/Content/Functions/MX_BurleyDiffuseBSDF.uexp" 234
"../../../Engine/Plugins/Interchange/Assets/Content/Functions/MX_AnisotropicVDF.uasset" 235
"../../../Engine/Plugins/Interchange/Assets/Content/Functions/MX_AnisotropicVDF.uexp" 236
"../../../Engine/Plugins/Interchange/Assets/Content/Functions/MX_AbsorptionVDF.uasset" 237
"../../../Engine/Plugins/Interchange/Assets/Content/Functions/MX_AbsorptionVDF.uexp" 238
"../../../Engine/Plugins/Editor/SpeedTreeImporter/Content/SpeedTree9/game_wind_noise.ubulk" 239
"../../../Engine/Plugins/Editor/SpeedTreeImporter/Content/SpeedTree9/game_wind_noise.uasset" 240
"../../../Engine/Plugins/Editor/SpeedTreeImporter/Content/SpeedTree9/game_wind_noise.uexp" 241
"../../../Engine/Plugins/Editor/SpeedTreeImporter/Content/SpeedTree9/UnpackDirection.uasset" 242
"../../../Engine/Plugins/Editor/SpeedTreeImporter/Content/SpeedTree9/UnpackDirection.uexp" 243
"../../../Engine/Content/Functions/Engine_MaterialFunctions02/ObjectLocalBounds.uasset" 244
"../../../Engine/Content/Functions/Engine_MaterialFunctions02/ObjectLocalBounds.uexp" 245
"../../../Engine/Content/Functions/Engine_MaterialFunctions02/Utility/BreakOutFloat3Components.uasset" 246
"../../../Engine/Content/Functions/Engine_MaterialFunctions02/Utility/BreakOutFloat3Components.uexp" 247
"../../../Engine/Content/Functions/Engine_MaterialFunctions02/UVs/BoundingBoxBased_0-1_UVW.uasset" 248
"../../../Engine/Content/Functions/Engine_MaterialFunctions02/UVs/BoundingBoxBased_0-1_UVW.uexp" 249
"../../../Engine/Plugins/Editor/SpeedTreeImporter/Content/SpeedTree9/UnpackInteger3.uasset" 250
"../../../Engine/Plugins/Editor/SpeedTreeImporter/Content/SpeedTree9/UnpackInteger3.uexp" 251
"../../../Engine/Plugins/Editor/SpeedTreeImporter/Content/SpeedTree9/SpeedTreeCameraFacing.uasset" 252
"../../../Engine/Plugins/Editor/SpeedTreeImporter/Content/SpeedTree9/SpeedTreeCameraFacing.uexp" 253
"../../../Engine/Content/Functions/Engine_MaterialFunctions02/WorldPositionOffset/ObjectScale.uasset" 254
"../../../Engine/Content/Functions/Engine_MaterialFunctions02/WorldPositionOffset/ObjectScale.uexp" 255
"../../../Engine/Content/Functions/Engine_MaterialFunctions02/SafeNormalize.uasset" 256
"../../../Engine/Content/Functions/Engine_MaterialFunctions02/SafeNormalize.uexp" 257
"../../../Engine/Plugins/Editor/SpeedTreeImporter/Content/SpeedTree9/SpeedTreeWindMotion.uasset" 258
"../../../Engine/Plugins/Editor/SpeedTreeImporter/Content/SpeedTree9/SpeedTreeWindMotion.uexp" 259
"../../../Engine/Plugins/Editor/SpeedTreeImporter/Content/SpeedTree9/SpeedTreeBranchMotion.uasset" 260
"../../../Engine/Plugins/Editor/SpeedTreeImporter/Content/SpeedTree9/SpeedTreeBranchMotion.uexp" 261
"../../../Engine/Plugins/Editor/SpeedTreeImporter/Content/SpeedTree9/SpeedTreeWind.uasset" 262
"../../../Engine/Plugins/Editor/SpeedTreeImporter/Content/SpeedTree9/SpeedTreeWind.uexp" 263
"../../../Engine/Plugins/Editor/SpeedTreeImporter/Content/SpeedTree9/EmptyNormal.uasset" 264
"../../../Engine/Plugins/Editor/SpeedTreeImporter/Content/SpeedTree9/EmptyNormal.uexp" 265
"../../../Engine/Plugins/Editor/SpeedTreeImporter/Content/SpeedTree9/Empty.uasset" 266
"../../../Engine/Plugins/Editor/SpeedTreeImporter/Content/SpeedTree9/Empty.uexp" 267
"../../../Engine/Plugins/Editor/SpeedTreeImporter/Content/SpeedTree9/SpeedTreeMaster.uasset" 268
"../../../Engine/Plugins/Editor/SpeedTreeImporter/Content/SpeedTree9/SpeedTreeMaster.uexp" 269
"../../../Engine/Plugins/Editor/SpeedTreeImporter/Content/SpeedTree9/SpeedTreeBillboard.uasset" 270
"../../../Engine/Plugins/Editor/SpeedTreeImporter/Content/SpeedTree9/SpeedTreeBillboard.uexp" 271
"../../../Engine/Plugins/Editor/SpeedTreeImporter/Content/SpeedTree9/SpeedTreeBillboardMaster.uasset" 272
"../../../Engine/Plugins/Editor/SpeedTreeImporter/Content/SpeedTree9/SpeedTreeBillboardMaster.uexp" 273
"../../../Engine/Content/Functions/Engine_MaterialFunctions02/WorldPositionOffset/CameraOffset.uasset" 274
"../../../Engine/Content/Functions/Engine_MaterialFunctions02/WorldPositionOffset/CameraOffset.uexp" 275
"../../../Engine/Plugins/Animation/ControlRig/Content/M_Manip.uasset" 276
"../../../Engine/Plugins/Animation/ControlRig/Content/M_Manip.uexp" 277
"../../../Engine/Plugins/Animation/ControlRig/Content/Controls/ControlRig_Wedge_solid.uasset" 278
"../../../Engine/Plugins/Animation/ControlRig/Content/Controls/ControlRig_Wedge_solid.uexp" 279
"../../../Engine/Plugins/Animation/ControlRig/Content/Controls/ControlRig_Wedge_3mm.uasset" 280
"../../../Engine/Plugins/Animation/ControlRig/Content/Controls/ControlRig_Wedge_3mm.uexp" 281
"../../../Engine/Plugins/Animation/ControlRig/Content/Controls/ControlRig_Wedge_1mm.uasset" 282
"../../../Engine/Plugins/Animation/ControlRig/Content/Controls/ControlRig_Wedge_1mm.uexp" 283
"../../../Engine/Plugins/Animation/ControlRig/Content/Controls/ControlRig_Triangle_solid.uasset" 284
"../../../Engine/Plugins/Animation/ControlRig/Content/Controls/ControlRig_Triangle_solid.uexp" 285
"../../../Engine/Plugins/Animation/ControlRig/Content/Controls/ControlRig_Triangle_3mm.uasset" 286
"../../../Engine/Plugins/Animation/ControlRig/Content/Controls/ControlRig_Triangle_3mm.uexp" 287
"../../../Engine/Plugins/Animation/ControlRig/Content/Controls/ControlRig_Triangle_1mm.uasset" 288
"../../../Engine/Plugins/Animation/ControlRig/Content/Controls/ControlRig_Triangle_1mm.uexp" 289
"../../../Engine/Plugins/Animation/ControlRig/Content/Controls/ControlRig_Star4_solid.uasset" 290
"../../../Engine/Plugins/Animation/ControlRig/Content/Controls/ControlRig_Star4_solid.uexp" 291
"../../../Engine/Plugins/Animation/ControlRig/Content/Controls/ControlRig_Star4_3mm.uasset" 292
"../../../Engine/Plugins/Animation/ControlRig/Content/Controls/ControlRig_Star4_3mm.uexp" 293
"../../../Engine/Plugins/Animation/ControlRig/Content/Controls/ControlRig_Star4_1mm.uasset" 294
"../../../Engine/Plugins/Animation/ControlRig/Content/Controls/ControlRig_Star4_1mm.uexp" 295
"../../../Engine/Plugins/Animation/ControlRig/Content/Controls/ControlRig_Square_solid.uasset" 296
"../../../Engine/Plugins/Animation/ControlRig/Content/Controls/ControlRig_Square_solid.uexp" 297
"../../../Engine/Plugins/Animation/ControlRig/Content/Controls/ControlRig_Square_3mm.uasset" 298
"../../../Engine/Plugins/Animation/ControlRig/Content/Controls/ControlRig_Square_3mm.uexp" 299
"../../../Engine/Plugins/Animation/ControlRig/Content/Controls/ControlRig_Square_1mm.uasset" 300
"../../../Engine/Plugins/Animation/ControlRig/Content/Controls/ControlRig_Square_1mm.uexp" 301
"../../../Engine/Plugins/Animation/ControlRig/Content/Controls/ControlRig_Sphere_solid.uasset" 302
"../../../Engine/Plugins/Animation/ControlRig/Content/Controls/ControlRig_Sphere_solid.uexp" 303
"../../../Engine/Plugins/Animation/ControlRig/Content/Controls/ControlRig_Sphere_3mm.uasset" 304
"../../../Engine/Plugins/Animation/ControlRig/Content/Controls/ControlRig_Sphere_3mm.uexp" 305
"../../../Engine/Plugins/Animation/ControlRig/Content/Controls/ControlRig_Sphere_1mm.uasset" 306
"../../../Engine/Plugins/Animation/ControlRig/Content/Controls/ControlRig_Sphere_1mm.uexp" 307
"../../../Engine/Plugins/Animation/ControlRig/Content/Controls/ControlRig_RoundedTriangle_solid.uasset" 308
"../../../Engine/Plugins/Animation/ControlRig/Content/Controls/ControlRig_RoundedTriangle_solid.uexp" 309
"../../../Engine/Plugins/Animation/ControlRig/Content/Controls/ControlRig_RoundedTriangle_3mm.uasset" 310
"../../../Engine/Plugins/Animation/ControlRig/Content/Controls/ControlRig_RoundedTriangle_3mm.uexp" 311
"../../../Engine/Plugins/Animation/ControlRig/Content/Controls/ControlRig_RoundedTriangle_1mm.uasset" 312
"../../../Engine/Plugins/Animation/ControlRig/Content/Controls/ControlRig_RoundedTriangle_1mm.uexp" 313
"../../../Engine/Plugins/Animation/ControlRig/Content/Controls/ControlRig_RoundedSquare_solid.uasset" 314
"../../../Engine/Plugins/Animation/ControlRig/Content/Controls/ControlRig_RoundedSquare_solid.uexp" 315
"../../../Engine/Plugins/Animation/ControlRig/Content/Controls/ControlRig_RoundedSquare_3mm.uasset" 316
"../../../Engine/Plugins/Animation/ControlRig/Content/Controls/ControlRig_RoundedSquare_3mm.uexp" 317
"../../../Engine/Plugins/Animation/ControlRig/Content/Controls/ControlRig_RoundedSquare_1mm.uasset" 318
"../../../Engine/Plugins/Animation/ControlRig/Content/Controls/ControlRig_RoundedSquare_1mm.uexp" 319
"../../../Engine/Plugins/Animation/ControlRig/Content/Controls/ControlRig_QuarterCircle_solid.uasset" 320
"../../../Engine/Plugins/Animation/ControlRig/Content/Controls/ControlRig_QuarterCircle_solid.uexp" 321
"../../../Engine/Plugins/Animation/ControlRig/Content/Controls/ControlRig_QuarterCircle_3mm.uasset" 322
"../../../Engine/Plugins/Animation/ControlRig/Content/Controls/ControlRig_QuarterCircle_3mm.uexp" 323
"../../../Engine/Plugins/Animation/ControlRig/Content/Controls/ControlRig_QuarterCircle_1mm.uasset" 324
"../../../Engine/Plugins/Animation/ControlRig/Content/Controls/ControlRig_QuarterCircle_1mm.uexp" 325
"../../../Engine/Plugins/Animation/ControlRig/Content/Controls/ControlRig_Pyramid_solid.uasset" 326
"../../../Engine/Plugins/Animation/ControlRig/Content/Controls/ControlRig_Pyramid_solid.uexp" 327
"../../../Engine/Plugins/Animation/ControlRig/Content/Controls/ControlRig_Pyramid_3mm.uasset" 328
"../../../Engine/Plugins/Animation/ControlRig/Content/Controls/ControlRig_Pyramid_3mm.uexp" 329
"../../../Engine/Plugins/Animation/ControlRig/Content/Controls/ControlRig_Pyramid_1mm.uasset" 330
"../../../Engine/Plugins/Animation/ControlRig/Content/Controls/ControlRig_Pyramid_1mm.uexp" 331
"../../../Engine/Plugins/Animation/ControlRig/Content/Controls/ControlRig_Octagon_solid.uasset" 332
"../../../Engine/Plugins/Animation/ControlRig/Content/Controls/ControlRig_Octagon_solid.uexp" 333
"../../../Engine/Plugins/Animation/ControlRig/Content/Controls/ControlRig_Octagon_3mm.uasset" 334
"../../../Engine/Plugins/Animation/ControlRig/Content/Controls/ControlRig_Octagon_3mm.uexp" 335
"../../../Engine/Plugins/Animation/ControlRig/Content/Controls/ControlRig_Octagon_1mm.uasset" 336
"../../../Engine/Plugins/Animation/ControlRig/Content/Controls/ControlRig_Octagon_1mm.uexp" 337
"../../../Engine/Plugins/Animation/ControlRig/Content/Controls/ControlRig_Hexagon_solid.uasset" 338
"../../../Engine/Plugins/Animation/ControlRig/Content/Controls/ControlRig_Hexagon_solid.uexp" 339
"../../../Engine/Plugins/Animation/ControlRig/Content/Controls/ControlRig_Hexagon_3mm.uasset" 340
"../../../Engine/Plugins/Animation/ControlRig/Content/Controls/ControlRig_Hexagon_3mm.uexp" 341
"../../../Engine/Plugins/Animation/ControlRig/Content/Controls/ControlRig_Hexagon_1mm.uasset" 342
"../../../Engine/Plugins/Animation/ControlRig/Content/Controls/ControlRig_Hexagon_1mm.uexp" 343
"../../../Engine/Plugins/Animation/ControlRig/Content/Controls/ControlRig_HalfCircle_solid.uasset" 344
"../../../Engine/Plugins/Animation/ControlRig/Content/Controls/ControlRig_HalfCircle_solid.uexp" 345
"../../../Engine/Plugins/Animation/ControlRig/Content/Controls/ControlRig_HalfCircle_3mm.uasset" 346
"../../../Engine/Plugins/Animation/ControlRig/Content/Controls/ControlRig_HalfCircle_3mm.uexp" 347
"../../../Engine/Plugins/Animation/ControlRig/Content/Controls/ControlRig_HalfCircle_1mm.uasset" 348
"../../../Engine/Plugins/Animation/ControlRig/Content/Controls/ControlRig_HalfCircle_1mm.uexp" 349
"../../../Engine/Plugins/Animation/ControlRig/Content/Controls/ControlRig_Diamond_solid.uasset" 350
"../../../Engine/Plugins/Animation/ControlRig/Content/Controls/ControlRig_Diamond_solid.uexp" 351
"../../../Engine/Plugins/Animation/ControlRig/Content/Controls/ControlRig_Diamond_3mm.uasset" 352
"../../../Engine/Plugins/Animation/ControlRig/Content/Controls/ControlRig_Diamond_3mm.uexp" 353
"../../../Engine/Plugins/Animation/ControlRig/Content/Controls/ControlRig_Diamond_1mm.uasset" 354
"../../../Engine/Plugins/Animation/ControlRig/Content/Controls/ControlRig_Diamond_1mm.uexp" 355
"../../../Engine/Plugins/Animation/ControlRig/Content/Controls/ControlRig_Circle_solid.uasset" 356
"../../../Engine/Plugins/Animation/ControlRig/Content/Controls/ControlRig_Circle_solid.uexp" 357
"../../../Engine/Plugins/Animation/ControlRig/Content/Controls/ControlRig_Circle_3mm.uasset" 358
"../../../Engine/Plugins/Animation/ControlRig/Content/Controls/ControlRig_Circle_3mm.uexp" 359
"../../../Engine/Plugins/Animation/ControlRig/Content/Controls/ControlRig_Circle_1mm.uasset" 360
"../../../Engine/Plugins/Animation/ControlRig/Content/Controls/ControlRig_Circle_1mm.uexp" 361
"../../../Engine/Plugins/Animation/ControlRig/Content/Controls/ControlRig_Box_solid.uasset" 362
"../../../Engine/Plugins/Animation/ControlRig/Content/Controls/ControlRig_Box_solid.uexp" 363
"../../../Engine/Plugins/Animation/ControlRig/Content/Controls/ControlRig_Box_3mm.uasset" 364
"../../../Engine/Plugins/Animation/ControlRig/Content/Controls/ControlRig_Box_3mm.uexp" 365
"../../../Engine/Plugins/Animation/ControlRig/Content/Controls/ControlRig_Box_1mm.uasset" 366
"../../../Engine/Plugins/Animation/ControlRig/Content/Controls/ControlRig_Box_1mm.uexp" 367
"../../../Engine/Plugins/Animation/ControlRig/Content/Controls/ControlRig_Arrow_solid.uasset" 368
"../../../Engine/Plugins/Animation/ControlRig/Content/Controls/ControlRig_Arrow_solid.uexp" 369
"../../../Engine/Plugins/Animation/ControlRig/Content/Controls/ControlRig_Arrow_3mm.uasset" 370
"../../../Engine/Plugins/Animation/ControlRig/Content/Controls/ControlRig_Arrow_3mm.uexp" 371
"../../../Engine/Plugins/Animation/ControlRig/Content/Controls/ControlRig_Arrow_1mm.uasset" 372
"../../../Engine/Plugins/Animation/ControlRig/Content/Controls/ControlRig_Arrow_1mm.uexp" 373
"../../../Engine/Plugins/Animation/ControlRig/Content/Controls/ControlRig_Arrow4_solid.uasset" 374
"../../../Engine/Plugins/Animation/ControlRig/Content/Controls/ControlRig_Arrow4_solid.uexp" 375
"../../../Engine/Plugins/Animation/ControlRig/Content/Controls/ControlRig_Arrow4_3mm.uasset" 376
"../../../Engine/Plugins/Animation/ControlRig/Content/Controls/ControlRig_Arrow4_3mm.uexp" 377
"../../../Engine/Plugins/Animation/ControlRig/Content/Controls/ControlRig_Arrow4_1mm.uasset" 378
"../../../Engine/Plugins/Animation/ControlRig/Content/Controls/ControlRig_Arrow4_1mm.uexp" 379
"../../../Engine/Plugins/Animation/ControlRig/Content/Controls/ControlRig_Arrow2_solid.uasset" 380
"../../../Engine/Plugins/Animation/ControlRig/Content/Controls/ControlRig_Arrow2_solid.uexp" 381
"../../../Engine/Plugins/Animation/ControlRig/Content/Controls/ControlRig_Arrow2_3mm.uasset" 382
"../../../Engine/Plugins/Animation/ControlRig/Content/Controls/ControlRig_Arrow2_3mm.uexp" 383
"../../../Engine/Plugins/Animation/ControlRig/Content/Controls/ControlRig_Arrow2_1mm.uasset" 384
"../../../Engine/Plugins/Animation/ControlRig/Content/Controls/ControlRig_Arrow2_1mm.uexp" 385
"../../../Engine/Plugins/Animation/ControlRig/Content/Controls/ControlRigXRayMaterial.uasset" 386
"../../../Engine/Plugins/Animation/ControlRig/Content/Controls/ControlRigXRayMaterial.uexp" 387
"../../../Engine/Plugins/Animation/ControlRig/Content/Controls/ControlRigGizmoMaterial.uasset" 388
"../../../Engine/Plugins/Animation/ControlRig/Content/Controls/ControlRigGizmoMaterial.uexp" 389
"../../../Engine/Plugins/2D/Paper2D/Content/DefaultSpriteMaterial.uasset" 390
"../../../Engine/Plugins/2D/Paper2D/Content/DefaultSpriteMaterial.uexp" 391
"../../../Engine/Plugins/2D/Paper2D/Content/OpaqueUnlitSpriteMaterial.uasset" 392
"../../../Engine/Plugins/2D/Paper2D/Content/OpaqueUnlitSpriteMaterial.uexp" 393
"../../../Engine/Plugins/2D/Paper2D/Content/MaskedUnlitSpriteMaterial.uasset" 394
"../../../Engine/Plugins/2D/Paper2D/Content/MaskedUnlitSpriteMaterial.uexp" 395
"../../../Engine/Content/VREditor/TransformGizmo/Main.uasset" 396
"../../../Engine/Content/VREditor/TransformGizmo/Main.uexp" 397
"../../../Engine/Content/VREditor/TransformGizmo/Xray.uasset" 398
"../../../Engine/Content/VREditor/TransformGizmo/Xray.uexp" 399
"../../../Engine/Content/VREditor/TransformGizmo/SM_Sequencer_Node.uasset" 400
"../../../Engine/Content/VREditor/TransformGizmo/SM_Sequencer_Node.uexp" 401
"../../../Engine/Content/VREditor/LaserPointer/VR_LaserPower_01.ubulk" 402
"../../../Engine/Content/VREditor/LaserPointer/VR_LaserPower_01.uasset" 403
"../../../Engine/Content/VREditor/LaserPointer/VR_LaserPower_01.uexp" 404
"../../../Engine/Content/VREditor/TransformGizmo/TransformGizmoMaterial.uasset" 405
"../../../Engine/Content/VREditor/TransformGizmo/TransformGizmoMaterial.uexp" 406
"../../../Engine/Content/VREditor/TransformGizmo/TranslucentTransformGizmoMaterial.uasset" 407
"../../../Engine/Content/VREditor/TransformGizmo/TranslucentTransformGizmoMaterial.uexp" 408
"../../../Engine/Content/VREditor/TransformGizmo/BoundingBoxEdge.uasset" 409
"../../../Engine/Content/VREditor/TransformGizmo/BoundingBoxEdge.uexp" 410
"../../../Engine/Content/VREditor/TransformGizmo/BoundingBoxCorner.uasset" 411
"../../../Engine/Content/VREditor/TransformGizmo/BoundingBoxCorner.uexp" 412
"../../../Engine/Content/EngineSky/VolumetricClouds/T_CloudMask.ubulk" 413
"../../../Engine/Content/EngineSky/VolumetricClouds/T_CloudMask.uasset" 414
"../../../Engine/Content/EngineSky/VolumetricClouds/T_CloudMask.uexp" 415
"../../../Engine/Content/EngineSky/VolumetricClouds/VT_Lightning.uasset" 416
"../../../Engine/Content/EngineSky/VolumetricClouds/VT_Lightning.uexp" 417
"../../../Engine/Content/EngineSky/VolumetricClouds/T_Profile_08.ubulk" 418
"../../../Engine/Content/EngineSky/VolumetricClouds/T_Profile_08.uasset" 419
"../../../Engine/Content/EngineSky/VolumetricClouds/T_Profile_08.uexp" 420
"../../../Engine/Content/Functions/Engine_MaterialFunctions02/Utility/MakeFloat4.uasset" 421
"../../../Engine/Content/Functions/Engine_MaterialFunctions02/Utility/MakeFloat4.uexp" 422
"../../../Engine/Content/Functions/Engine_MaterialFunctions01/Units/Km-to-Cm.uasset" 423
"../../../Engine/Content/Functions/Engine_MaterialFunctions01/Units/Km-to-Cm.uexp" 424
"../../../Engine/Content/Functions/Engine_MaterialFunctions02/Utility/BreakOutFloat4Components.uasset" 425
"../../../Engine/Content/Functions/Engine_MaterialFunctions02/Utility/BreakOutFloat4Components.uexp" 426
"../../../Engine/Content/EngineSky/VolumetricClouds/T_CloudPattern.ubulk" 427
"../../../Engine/Content/EngineSky/VolumetricClouds/T_CloudPattern.uasset" 428
"../../../Engine/Content/EngineSky/VolumetricClouds/T_CloudPattern.uexp" 429
"../../../Engine/Content/EngineSky/VolumetricClouds/VT_PerlinWorley_Balanced.uasset" 430
"../../../Engine/Content/EngineSky/VolumetricClouds/VT_PerlinWorley_Balanced.uexp" 431
"../../../Engine/Content/EngineSky/VolumetricClouds/m_SimpleVolumetricCloud.uasset" 432
"../../../Engine/Content/EngineSky/VolumetricClouds/m_SimpleVolumetricCloud.uexp" 433
"../../../Engine/Content/EngineSky/VolumetricClouds/m_SimpleVolumetricCloud_Inst.uasset" 434
"../../../Engine/Content/EngineSky/VolumetricClouds/m_SimpleVolumetricCloud_Inst.uexp" 435
"../../../Engine/Content/EngineResources/FilmGrains/Marcie_Grain_v3_128_M2_000.uasset" 436
"../../../Engine/Content/EngineResources/FilmGrains/Marcie_Grain_v3_128_M2_000.uexp" 437
"../../../Engine/Content/EngineResources/WhiteSquareTexture.uasset" 438
"../../../Engine/Content/EngineResources/WhiteSquareTexture.uexp" 439
"../../../Engine/Content/EngineMaterials/Widget3DPassThrough.uasset" 440
"../../../Engine/Content/EngineMaterials/Widget3DPassThrough.uexp" 441
"../../../Engine/Content/EngineMaterials/Widget3DPassThrough_Translucent.uasset" 442
"../../../Engine/Content/EngineMaterials/Widget3DPassThrough_Translucent.uexp" 443
"../../../Engine/Content/EngineMaterials/Widget3DPassThrough_Translucent_OneSided.uasset" 444
"../../../Engine/Content/EngineMaterials/Widget3DPassThrough_Translucent_OneSided.uexp" 445
"../../../Engine/Content/EngineMaterials/Widget3DPassThrough_Opaque.uasset" 446
"../../../Engine/Content/EngineMaterials/Widget3DPassThrough_Opaque.uexp" 447
"../../../Engine/Content/EngineMaterials/Widget3DPassThrough_Opaque_OneSided.uasset" 448
"../../../Engine/Content/EngineMaterials/Widget3DPassThrough_Opaque_OneSided.uexp" 449
"../../../Engine/Content/EngineMaterials/Widget3DPassThrough_Masked_OneSided.uasset" 450
"../../../Engine/Content/EngineMaterials/Widget3DPassThrough_Masked_OneSided.uexp" 451
"../../../Engine/Content/EngineMaterials/Widget3DPassThrough_Masked.uasset" 452
"../../../Engine/Content/EngineMaterials/Widget3DPassThrough_Masked.uexp" 453
"../../../Engine/Content/EngineMaterials/WeightMapPlaceholderTexture.uasset" 454
"../../../Engine/Content/EngineMaterials/WeightMapPlaceholderTexture.uexp" 455
"../../../Engine/Content/EngineMaterials/WeightMapArrayPlaceholderTexture.uasset" 456
"../../../Engine/Content/EngineMaterials/WeightMapArrayPlaceholderTexture.uexp" 457
"../../../Engine/Content/EngineMaterials/RemoveSurfaceMaterial.uasset" 458
"../../../Engine/Content/EngineMaterials/RemoveSurfaceMaterial.uexp" 459
"../../../Engine/Content/EngineMaterials/PreintegratedSkinBRDF.uasset" 460
"../../../Engine/Content/EngineMaterials/PreintegratedSkinBRDF.uexp" 461
"../../../Engine/Content/EngineMaterials/DefaultCalibrationGrayscale.uasset" 462
"../../../Engine/Content/EngineMaterials/DefaultCalibrationGrayscale.uexp" 463
"../../../Engine/Content/EngineMaterials/PPM_DefaultCalibrationGrayscale.uasset" 464
"../../../Engine/Content/EngineMaterials/PPM_DefaultCalibrationGrayscale.uexp" 465
"../../../Engine/Content/EngineMaterials/DefaultCalibrationColor.uasset" 466
"../../../Engine/Content/EngineMaterials/DefaultCalibrationColor.uexp" 467
"../../../Engine/Content/EngineMaterials/PPM_DefaultCalibrationColor.uasset" 468
"../../../Engine/Content/EngineMaterials/PPM_DefaultCalibrationColor.uexp" 469
"../../../Engine/Content/EngineMaterials/PhAT_JointLimitMaterial.uasset" 470
"../../../Engine/Content/EngineMaterials/PhAT_JointLimitMaterial.uexp" 471
"../../../Engine/Content/EngineMaterials/NaniteHiddenSectionMaterial.uasset" 472
"../../../Engine/Content/EngineMaterials/NaniteHiddenSectionMaterial.uexp" 473
"../../../Engine/Content/EngineMaterials/InvalidLightmapSettings.ubulk" 474
"../../../Engine/Content/EngineMaterials/InvalidLightmapSettings.uasset" 475
"../../../Engine/Content/EngineMaterials/InvalidLightmapSettings.uexp" 476
"../../../Engine/Content/EngineMaterials/M_InvalidLightmapSettings.uasset" 477
"../../../Engine/Content/EngineMaterials/M_InvalidLightmapSettings.uexp" 478
"../../../Engine/Content/EngineMaterials/MiniFont.uasset" 479
"../../../Engine/Content/EngineMaterials/MiniFont.uexp" 480
"../../../Engine/Content/EngineMaterials/GizmoMaterial.uasset" 481
"../../../Engine/Content/EngineMaterials/GizmoMaterial.uexp" 482
"../../../Engine/Content/EngineMaterials/BaseFlattenEmissiveMap_VT.uasset" 483
"../../../Engine/Content/EngineMaterials/BaseFlattenEmissiveMap_VT.uexp" 484
"../../../Engine/Content/EngineMaterials/BaseFlattenGrayscaleMap_VT.uasset" 485
"../../../Engine/Content/EngineMaterials/BaseFlattenGrayscaleMap_VT.uexp" 486
"../../../Engine/Content/EngineMaterials/BaseFlattenLinearColor_VT.uasset" 487
"../../../Engine/Content/EngineMaterials/BaseFlattenLinearColor_VT.uexp" 488
"../../../Engine/Content/EngineMaterials/Black_1x1_EXR_Texture_VT.uasset" 489
"../../../Engine/Content/EngineMaterials/Black_1x1_EXR_Texture_VT.uexp" 490
"../../../Engine/Content/EngineMaterials/BaseFlattenDiffuseMap_VT.uasset" 491
"../../../Engine/Content/EngineMaterials/BaseFlattenDiffuseMap_VT.uexp" 492
"../../../Engine/Content/EngineMaterials/BaseFlattenNormalMap_VT.uasset" 493
"../../../Engine/Content/EngineMaterials/BaseFlattenNormalMap_VT.uexp" 494
"../../../Engine/Content/EngineMaterials/FlattenMaterial_WS_Normal_VT.uasset" 495
"../../../Engine/Content/EngineMaterials/FlattenMaterial_WS_Normal_VT.uexp" 496
"../../../Engine/Content/EngineMaterials/FlattenMaterial_VT.uasset" 497
"../../../Engine/Content/EngineMaterials/FlattenMaterial_VT.uexp" 498
"../../../Engine/Content/EngineMaterials/BaseFlattenNormalMap.uasset" 499
"../../../Engine/Content/EngineMaterials/BaseFlattenNormalMap.uexp" 500
"../../../Engine/Content/EngineMaterials/BaseFlattenGrayscaleMap.uasset" 501
"../../../Engine/Content/EngineMaterials/BaseFlattenGrayscaleMap.uexp" 502
"../../../Engine/Content/EngineMaterials/BaseFlattenDiffuseMap.uasset" 503
"../../../Engine/Content/EngineMaterials/BaseFlattenDiffuseMap.uexp" 504
"../../../Engine/Content/Functions/Engine_MaterialFunctions02/PivotPainter2/Black_1x1_EXR_Texture.uasset" 505
"../../../Engine/Content/Functions/Engine_MaterialFunctions02/PivotPainter2/Black_1x1_EXR_Texture.uexp" 506
"../../../Engine/Content/EngineMaterials/BaseFlattenEmissiveMap.uasset" 507
"../../../Engine/Content/EngineMaterials/BaseFlattenEmissiveMap.uexp" 508
"../../../Engine/Content/EngineMaterials/BaseFlattenLinearColor.uasset" 509
"../../../Engine/Content/EngineMaterials/BaseFlattenLinearColor.uexp" 510
"../../../Engine/Content/EngineMaterials/FlattenMaterial.uasset" 511
"../../../Engine/Content/EngineMaterials/FlattenMaterial.uexp" 512
"../../../Engine/Content/EngineMaterials/FastBlueNoise_vec2_128x128x64.uasset" 513
"../../../Engine/Content/EngineMaterials/FastBlueNoise_vec2_128x128x64.uexp" 514
"../../../Engine/Content/EngineMaterials/FastBlueNoise_scalar_128x128x64.uasset" 515
"../../../Engine/Content/EngineMaterials/FastBlueNoise_scalar_128x128x64.uexp" 516
"../../../Engine/Content/EngineMaterials/DefaultWhiteGrid_Low.uasset" 517
"../../../Engine/Content/EngineMaterials/DefaultWhiteGrid_Low.uexp" 518
"../../../Engine/Content/EngineMaterials/EmissiveMeshMaterial.uasset" 519
"../../../Engine/Content/EngineMaterials/EmissiveMeshMaterial.uexp" 520
"../../../Engine/Content/EngineMaterials/DefaultWhiteGrid.ubulk" 521
"../../../Engine/Content/EngineMaterials/DefaultWhiteGrid.uasset" 522
"../../../Engine/Content/EngineMaterials/DefaultWhiteGrid.uexp" 523
"../../../Engine/Content/EngineFonts/RobotoDistanceField.uasset" 524
"../../../Engine/Content/EngineFonts/RobotoDistanceField.uexp" 525
"../../../Engine/Content/EngineMaterials/DefaultTextMaterialOpaque.uasset" 526
"../../../Engine/Content/EngineMaterials/DefaultTextMaterialOpaque.uexp" 527
"../../../Engine/Content/EngineMaterials/DefaultDiffuse.ubulk" 528
"../../../Engine/Content/EngineMaterials/DefaultDiffuse.uasset" 529
"../../../Engine/Content/EngineMaterials/DefaultDiffuse.uexp" 530
"../../../Engine/Content/EngineMaterials/DefaultPostProcessMaterial.uasset" 531
"../../../Engine/Content/EngineMaterials/DefaultPostProcessMaterial.uexp" 532
"../../../Engine/Content/EngineMaterials/DefaultLightFunctionMaterial.uasset" 533
"../../../Engine/Content/EngineMaterials/DefaultLightFunctionMaterial.uexp" 534
"../../../Engine/Content/EngineMaterials/DefaultDeferredDecalMaterial.uasset" 535
"../../../Engine/Content/EngineMaterials/DefaultDeferredDecalMaterial.uexp" 536
"../../../Engine/Content/EngineMaterials/DefaultBokeh.uasset" 537
"../../../Engine/Content/EngineMaterials/DefaultBokeh.uexp" 538
"../../../Engine/Content/EngineMaterials/DefaultBloomKernel.uasset" 539
"../../../Engine/Content/EngineMaterials/DefaultBloomKernel.uexp" 540
"../../../Engine/Content/EngineMaterials/LTC/Sheen_LTC.uasset" 541
"../../../Engine/Content/EngineMaterials/LTC/Sheen_LTC.uexp" 542
"../../../Engine/Content/EngineMaterials/LTC/GGX_LTCMat.uasset" 543
"../../../Engine/Content/EngineMaterials/LTC/GGX_LTCMat.uexp" 544
"../../../Engine/Content/EngineMaterials/LTC/GGX_LTCAmp.uasset" 545
"../../../Engine/Content/EngineMaterials/LTC/GGX_LTCAmp.uexp" 546
"../../../Engine/Content/EngineMaterials/EnergyConservation/Sheen_Energy.uasset" 547
"../../../Engine/Content/EngineMaterials/EnergyConservation/Sheen_Energy.uexp" 548
"../../../Engine/Content/EngineMaterials/EnergyConservation/SheenLegacy_Energy.uasset" 549
"../../../Engine/Content/EngineMaterials/EnergyConservation/SheenLegacy_Energy.uexp" 550
"../../../Engine/Content/EngineMaterials/EnergyConservation/GGX_TransmissionEnergyArray.uasset" 551
"../../../Engine/Content/EngineMaterials/EnergyConservation/GGX_TransmissionEnergyArray.uexp" 552
"../../../Engine/Content/EngineMaterials/EnergyConservation/GGX_ReflectionEnergy.uasset" 553
"../../../Engine/Content/EngineMaterials/EnergyConservation/GGX_ReflectionEnergy.uexp" 554
"../../../Engine/Content/EngineMaterials/EnergyConservation/Diffuse_Energy.uasset" 555
"../../../Engine/Content/EngineMaterials/EnergyConservation/Diffuse_Energy.uexp" 556
"../../../Engine/Content/Functions/Engine_MaterialFunctions02/Utility/CameraDirectionVector.uasset" 557
"../../../Engine/Content/Functions/Engine_MaterialFunctions02/Utility/CameraDirectionVector.uexp" 558
"../../../Engine/Content/EngineDebugMaterials/VolumeToRender.uasset" 559
"../../../Engine/Content/EngineDebugMaterials/VolumeToRender.uexp" 560
"../../../Engine/Content/EngineDebugMaterials/M_VolumeRenderSphereTracePP.uasset" 561
"../../../Engine/Content/EngineDebugMaterials/M_VolumeRenderSphereTracePP.uexp" 562
"../../../Engine/Content/EngineDebugMaterials/M_SimpleUnlitTranslucent.uasset" 563
"../../../Engine/Content/EngineDebugMaterials/M_SimpleUnlitTranslucent.uexp" 564
"../../../Engine/Content/EngineDebugMaterials/DebugMeshMaterial.uasset" 565
"../../../Engine/Content/EngineDebugMaterials/DebugMeshMaterial.uexp" 566
"../../../Engine/Content/EngineDebugMaterials/DebugEditorMaterial.uasset" 567
"../../../Engine/Content/EngineDebugMaterials/DebugEditorMaterial.uexp" 568
"../../../Engine/Content/EngineDamageTypes/DmgTypeBP_Environmental.uasset" 569
"../../../Engine/Content/EngineDamageTypes/DmgTypeBP_Environmental.uexp" 570
"../../../Engine/Content/EditorResources/S_Terrain.ubulk" 571
"../../../Engine/Content/EditorResources/S_Terrain.uasset" 572
"../../../Engine/Content/EditorResources/S_Terrain.uexp" 573
"../../../Engine/Content/EditorResources/S_Solver.ubulk" 574
"../../../Engine/Content/EditorResources/S_Solver.uasset" 575
"../../../Engine/Content/EditorResources/S_Solver.uexp" 576
"../../../Engine/Content/EditorResources/EmptyActor.uasset" 577
"../../../Engine/Content/EditorResources/EmptyActor.uexp" 578
"../../../Engine/Content/EditorResources/BSPVertex.uasset" 579
"../../../Engine/Content/EditorResources/BSPVertex.uexp" 580
"../../../Engine/Content/EditorResources/SequenceRecorder/RecordingIndicator.uasset" 581
"../../../Engine/Content/EditorResources/SequenceRecorder/RecordingIndicator.uexp" 582
"../../../Engine/Content/EditorResources/SequenceRecorder/Countdown.uasset" 583
"../../../Engine/Content/EditorResources/SequenceRecorder/Countdown.uexp" 584
"../../../Engine/Content/EditorMaterials/Camera/CineMat.uasset" 585
"../../../Engine/Content/EditorMaterials/Camera/CineMat.uexp" 586
"../../../Engine/Content/EditorMaterials/Camera/MI_CineMat_Rig.uasset" 587
"../../../Engine/Content/EditorMaterials/Camera/MI_CineMat_Rig.uexp" 588
"../../../Engine/Content/EditorMeshes/Camera/SM_RailRig_Track.uasset" 589
"../../../Engine/Content/EditorMeshes/Camera/SM_RailRig_Track.uexp" 590
"../../../Engine/Content/EditorMeshes/Camera/SM_RailRig_Mount.uasset" 591
"../../../Engine/Content/EditorMeshes/Camera/SM_RailRig_Mount.uexp" 592
"../../../Engine/Content/EditorMeshes/Camera/SM_CraneRig_Mount.uasset" 593
"../../../Engine/Content/EditorMeshes/Camera/SM_CraneRig_Mount.uexp" 594
"../../../Engine/Content/EditorMeshes/Camera/SM_CraneRig_Body.uasset" 595
"../../../Engine/Content/EditorMeshes/Camera/SM_CraneRig_Body.uexp" 596
"../../../Engine/Content/EditorMeshes/Camera/SM_CraneRig_Base.uasset" 597
"../../../Engine/Content/EditorMeshes/Camera/SM_CraneRig_Base.uexp" 598
"../../../Engine/Content/EditorMeshes/Camera/SM_CraneRig_Arm.uasset" 599
"../../../Engine/Content/EditorMeshes/Camera/SM_CraneRig_Arm.uexp" 600
"../../../Engine/Content/EditorMaterials/PreviewShadowIndicator.ubulk" 601
"../../../Engine/Content/EditorMaterials/PreviewShadowIndicator.uasset" 602
"../../../Engine/Content/EditorMaterials/PreviewShadowIndicator.uexp" 603
"../../../Engine/Content/EditorMaterials/PreviewShadowIndicatorMaterial.uasset" 604
"../../../Engine/Content/EditorMaterials/PreviewShadowIndicatorMaterial.uexp" 605
"../../../Engine/Content/EditorMaterials/PhAT_UnselectedMaterial.uasset" 606
"../../../Engine/Content/EditorMaterials/PhAT_UnselectedMaterial.uexp" 607
"../../../Engine/Content/EditorMaterials/PhAT_NoCollisionMaterial.uasset" 608
"../../../Engine/Content/EditorMaterials/PhAT_NoCollisionMaterial.uexp" 609
"../../../Engine/Content/EditorMaterials/ParticleSystems/PSysThumbnail_OOD.ubulk" 610
"../../../Engine/Content/EditorMaterials/ParticleSystems/PSysThumbnail_OOD.uasset" 611
"../../../Engine/Content/EditorMaterials/ParticleSystems/PSysThumbnail_OOD.uexp" 612
"../../../Engine/Content/EditorMaterials/ParticleSystems/PSysThumbnail_NoImage.ubulk" 613
"../../../Engine/Content/EditorMaterials/ParticleSystems/PSysThumbnail_NoImage.uasset" 614
"../../../Engine/Content/EditorMaterials/ParticleSystems/PSysThumbnail_NoImage.uexp" 615
"../../../Engine/Content/EditorMaterials/Dataflow/DataflowVertexMaterial.uasset" 616
"../../../Engine/Content/EditorMaterials/Dataflow/DataflowVertexMaterial.uexp" 617
"../../../Engine/Content/EditorMaterials/Dataflow/DataflowTwoSidedVertexMaterial.uasset" 618
"../../../Engine/Content/EditorMaterials/Dataflow/DataflowTwoSidedVertexMaterial.uexp" 619
"../../../Engine/Content/EditorLandscapeResources/SplineEditorMeshMat.uasset" 620
"../../../Engine/Content/EditorLandscapeResources/SplineEditorMeshMat.uexp" 621
"../../../Engine/Content/EditorLandscapeResources/SplineEditorMesh.uasset" 622
"../../../Engine/Content/EditorLandscapeResources/SplineEditorMesh.uexp" 623
"../../../Engine/Content/EditorLandscapeResources/DefaultAlphaTexture.uasset" 624
"../../../Engine/Content/EditorLandscapeResources/DefaultAlphaTexture.uexp" 625
"../../../Engine/Content/EngineMaterials/DefaultMaterial.uasset" 626
"../../../Engine/Content/EngineMaterials/DefaultMaterial.uexp" 627
"../../../Engine/Content/BasicShapes/Sphere.uasset" 628
"../../../Engine/Content/BasicShapes/Sphere.uexp" 629
"../../../Engine/Content/BasicShapes/Plane.uasset" 630
"../../../Engine/Content/BasicShapes/Plane.uexp" 631
"../../../Engine/Content/BasicShapes/Cylinder.uasset" 632
"../../../Engine/Content/BasicShapes/Cylinder.uexp" 633
"../../../Engine/Content/BasicShapes/Cone.uasset" 634
"../../../Engine/Content/BasicShapes/Cone.uexp" 635
"C:/Users/ldgre/Desktop/Game Projects/Toon Tanks/ToonTanks/Content/Audio/SoundClasses/SC_Music.uasset" 636
"C:/Users/ldgre/Desktop/Game Projects/Toon Tanks/ToonTanks/Content/Audio/SoundClasses/SC_Music.uexp" 637
"C:/Users/ldgre/Desktop/Game Projects/Toon Tanks/ToonTanks/Content/Audio/SoundClasses/SC_SFX.uasset" 638
"C:/Users/ldgre/Desktop/Game Projects/Toon Tanks/ToonTanks/Content/Audio/SoundClasses/SC_SFX.uexp" 639
"C:/Users/ldgre/Desktop/Game Projects/Toon Tanks/ToonTanks/Content/Audio/SoundClasses/SC_Master.uasset" 640
"C:/Users/ldgre/Desktop/Game Projects/Toon Tanks/ToonTanks/Content/Audio/SoundClasses/SC_Master.uexp" 641
"C:/Users/ldgre/Desktop/Game Projects/Toon Tanks/ToonTanks/Content/Audio/SoundMixers/SMX_Main.uasset" 642
"C:/Users/ldgre/Desktop/Game Projects/Toon Tanks/ToonTanks/Content/Audio/SoundMixers/SMX_Main.uexp" 643
"C:/Users/ldgre/Desktop/Game Projects/Toon Tanks/ToonTanks/Content/Core/GameInstances/BP_GameInstance.uasset" 644
"C:/Users/ldgre/Desktop/Game Projects/Toon Tanks/ToonTanks/Content/Core/GameInstances/BP_GameInstance.uexp" 645
"../../../Engine/Plugins/Interchange/Assets/Content/gltf/Textures/T_White_srgb.uasset" 646
"../../../Engine/Plugins/Interchange/Assets/Content/gltf/Textures/T_White_srgb.uexp" 647
"../../../Engine/Plugins/Interchange/Assets/Content/gltf/MaterialFunctions/MF_BaseColor.uasset" 648
"../../../Engine/Plugins/Interchange/Assets/Content/gltf/MaterialFunctions/MF_BaseColor.uexp" 649
"../../../Engine/Plugins/Interchange/Assets/Content/gltf/MaterialFunctions/MF_RotateV2.uasset" 650
"../../../Engine/Plugins/Interchange/Assets/Content/gltf/MaterialFunctions/MF_RotateV2.uexp" 651
"../../../Engine/Plugins/Interchange/Assets/Content/gltf/MaterialFunctions/MF_TransformUVs.uasset" 652
"../../../Engine/Plugins/Interchange/Assets/Content/gltf/MaterialFunctions/MF_TransformUVs.uexp" 653
"../../../Engine/Plugins/Interchange/Assets/Content/gltf/MaterialBodies/MF_Unlit_Body.uasset" 654
"../../../Engine/Plugins/Interchange/Assets/Content/gltf/MaterialBodies/MF_Unlit_Body.uexp" 655
"../../../Engine/Plugins/Interchange/Assets/Content/gltf/M_Unlit.uasset" 656
"../../../Engine/Plugins/Interchange/Assets/Content/gltf/M_Unlit.uexp" 657
"../../../Engine/Plugins/Interchange/Assets/Content/gltf/MaterialInstances/MI_Unlit_Opaque_DS.uasset" 658
"../../../Engine/Plugins/Interchange/Assets/Content/gltf/MaterialInstances/MI_Unlit_Opaque_DS.uexp" 659
"../../../Engine/Plugins/Interchange/Assets/Content/gltf/MaterialInstances/MI_Unlit_Opaque.uasset" 660
"../../../Engine/Plugins/Interchange/Assets/Content/gltf/MaterialInstances/MI_Unlit_Opaque.uexp" 661
"../../../Engine/Plugins/Interchange/Assets/Content/gltf/MaterialInstances/MI_Unlit_Mask_DS.uasset" 662
"../../../Engine/Plugins/Interchange/Assets/Content/gltf/MaterialInstances/MI_Unlit_Mask_DS.uexp" 663
"../../../Engine/Plugins/Interchange/Assets/Content/gltf/MaterialInstances/MI_Unlit_Mask.uasset" 664
"../../../Engine/Plugins/Interchange/Assets/Content/gltf/MaterialInstances/MI_Unlit_Mask.uexp" 665
"../../../Engine/Plugins/Interchange/Assets/Content/gltf/MaterialInstances/MI_Unlit_Blend_DS.uasset" 666
"../../../Engine/Plugins/Interchange/Assets/Content/gltf/MaterialInstances/MI_Unlit_Blend_DS.uexp" 667
"../../../Engine/Plugins/Interchange/Assets/Content/gltf/MaterialInstances/MI_Unlit_Blend.uasset" 668
"../../../Engine/Plugins/Interchange/Assets/Content/gltf/MaterialInstances/MI_Unlit_Blend.uexp" 669
"../../../Engine/Content/Functions/Engine_MaterialFunctions02/Math/Transform3x3Matrix.uasset" 670
"../../../Engine/Content/Functions/Engine_MaterialFunctions02/Math/Transform3x3Matrix.uexp" 671
"../../../Engine/Content/EngineMaterials/Good64x64TilingNoiseHighFreq.uasset" 672
"../../../Engine/Content/EngineMaterials/Good64x64TilingNoiseHighFreq.uexp" 673
"../../../Engine/Content/Functions/Engine_MaterialFunctions02/Texturing/ScreenAlignedPixelToPixelUVs.uasset" 674
"../../../Engine/Content/Functions/Engine_MaterialFunctions02/Texturing/ScreenAlignedPixelToPixelUVs.uexp" 675
"../../../Engine/Plugins/Interchange/Assets/Content/gltf/MaterialFunctions/MF_Temporal_Blur.uasset" 676
"../../../Engine/Plugins/Interchange/Assets/Content/gltf/MaterialFunctions/MF_Temporal_Blur.uexp" 677
"../../../Engine/Plugins/Interchange/Assets/Content/gltf/MaterialFunctions/MF_Specular.uasset" 678
"../../../Engine/Plugins/Interchange/Assets/Content/gltf/MaterialFunctions/MF_Specular.uexp" 679
"../../../Engine/Plugins/Interchange/Assets/Content/gltf/Textures/T_Anisotropy_Direction_Linear.uasset" 680
"../../../Engine/Plugins/Interchange/Assets/Content/gltf/Textures/T_Anisotropy_Direction_Linear.uexp" 681
"../../../Engine/Plugins/Interchange/Assets/Content/gltf/MaterialFunctions/MF_SpecularAnisotropy.uasset" 682
"../../../Engine/Plugins/Interchange/Assets/Content/gltf/MaterialFunctions/MF_SpecularAnisotropy.uexp" 683
"../../../Engine/Plugins/Interchange/Assets/Content/gltf/Textures/T_White_Linear.uasset" 684
"../../../Engine/Plugins/Interchange/Assets/Content/gltf/Textures/T_White_Linear.uexp" 685
"../../../Engine/Plugins/Interchange/Assets/Content/gltf/MaterialFunctions/MF_MetallicRoughness.uasset" 686
"../../../Engine/Plugins/Interchange/Assets/Content/gltf/MaterialFunctions/MF_MetallicRoughness.uexp" 687
"../../../Engine/Plugins/Interchange/Assets/Content/gltf/Textures/T_Generic_N.uasset" 688
"../../../Engine/Plugins/Interchange/Assets/Content/gltf/Textures/T_Generic_N.uexp" 689
"../../../Engine/Plugins/Interchange/Assets/Content/gltf/MaterialFunctions/MF_ScaleNormal.uasset" 690
"../../../Engine/Plugins/Interchange/Assets/Content/gltf/MaterialFunctions/MF_ScaleNormal.uexp" 691
"../../../Engine/Plugins/Interchange/Assets/Content/gltf/MaterialFunctions/MF_Fresnel_DS.uasset" 692
"../../../Engine/Plugins/Interchange/Assets/Content/gltf/MaterialFunctions/MF_Fresnel_DS.uexp" 693
"../../../Engine/Plugins/Interchange/Assets/Content/gltf/MaterialFunctions/MF_Iridescence.uasset" 694
"../../../Engine/Plugins/Interchange/Assets/Content/gltf/MaterialFunctions/MF_Iridescence.uexp" 695
"../../../Engine/Plugins/Interchange/Assets/Content/gltf/MaterialFunctions/MF_Occlusion.uasset" 696
"../../../Engine/Plugins/Interchange/Assets/Content/gltf/MaterialFunctions/MF_Occlusion.uexp" 697
"../../../Engine/Plugins/Interchange/Assets/Content/gltf/MaterialFunctions/MF_IOR.uasset" 698
"../../../Engine/Plugins/Interchange/Assets/Content/gltf/MaterialFunctions/MF_IOR.uexp" 699
"../../../Engine/Plugins/Interchange/Assets/Content/gltf/MaterialFunctions/MF_Transmission.uasset" 700
"../../../Engine/Plugins/Interchange/Assets/Content/gltf/MaterialFunctions/MF_Transmission.uexp" 701
"../../../Engine/Plugins/Interchange/Assets/Content/gltf/MaterialFunctions/MF_RotateNormals_TS.uasset" 702
"../../../Engine/Plugins/Interchange/Assets/Content/gltf/MaterialFunctions/MF_RotateNormals_TS.uexp" 703
"../../../Engine/Plugins/Interchange/Assets/Content/gltf/MaterialFunctions/MF_Normals.uasset" 704
"../../../Engine/Plugins/Interchange/Assets/Content/gltf/MaterialFunctions/MF_Normals.uexp" 705
"../../../Engine/Plugins/Interchange/Assets/Content/gltf/MaterialBodies/MF_Transmission_Body.uasset" 706
"../../../Engine/Plugins/Interchange/Assets/Content/gltf/MaterialBodies/MF_Transmission_Body.uexp" 707
"../../../Engine/Plugins/Interchange/Assets/Content/gltf/M_Transmission.uasset" 708
"../../../Engine/Plugins/Interchange/Assets/Content/gltf/M_Transmission.uexp" 709
"../../../Engine/Plugins/Interchange/Assets/Content/gltf/MaterialInstances/MI_Transmission_DS.uasset" 710
"../../../Engine/Plugins/Interchange/Assets/Content/gltf/MaterialInstances/MI_Transmission_DS.uexp" 711
"../../../Engine/Plugins/Interchange/Assets/Content/gltf/MaterialInstances/MI_Transmission.uasset" 712
"../../../Engine/Plugins/Interchange/Assets/Content/gltf/MaterialInstances/MI_Transmission.uexp" 713
"../../../Engine/Content/Functions/Engine_MaterialFunctions02/Math/AddComponents.uasset" 714
"../../../Engine/Content/Functions/Engine_MaterialFunctions02/Math/AddComponents.uexp" 715
"../../../Engine/Plugins/Interchange/Assets/Content/gltf/MaterialFunctions/MF_DiffuseSpecGloss.uasset" 716
"../../../Engine/Plugins/Interchange/Assets/Content/gltf/MaterialFunctions/MF_DiffuseSpecGloss.uexp" 717
"../../../Engine/Plugins/Interchange/Assets/Content/gltf/MaterialFunctions/MF_Emissive.uasset" 718
"../../../Engine/Plugins/Interchange/Assets/Content/gltf/MaterialFunctions/MF_Emissive.uexp" 719
"../../../Engine/Plugins/Interchange/Assets/Content/gltf/MaterialFunctions/MF_PerceivedBrightness.uasset" 720
"../../../Engine/Plugins/Interchange/Assets/Content/gltf/MaterialFunctions/MF_PerceivedBrightness.uexp" 721
"../../../Engine/Plugins/Interchange/Assets/Content/gltf/MaterialFunctions/MF_SpecGlossToMetalRoughness.uasset" 722
"../../../Engine/Plugins/Interchange/Assets/Content/gltf/MaterialFunctions/MF_SpecGlossToMetalRoughness.uexp" 723
"../../../Engine/Plugins/Interchange/Assets/Content/gltf/MaterialFunctions/MF_MaxComponentValue.uasset" 724
"../../../Engine/Plugins/Interchange/Assets/Content/gltf/MaterialFunctions/MF_MaxComponentValue.uexp" 725
"../../../Engine/Plugins/Interchange/Assets/Content/gltf/MaterialBodies/MF_SpecularGlossiness_Body.uasset" 726
"../../../Engine/Plugins/Interchange/Assets/Content/gltf/MaterialBodies/MF_SpecularGlossiness_Body.uexp" 727
"../../../Engine/Plugins/Interchange/Assets/Content/gltf/M_SpecularGlossiness.uasset" 728
"../../../Engine/Plugins/Interchange/Assets/Content/gltf/M_SpecularGlossiness.uexp" 729
"../../../Engine/Plugins/Interchange/Assets/Content/gltf/MaterialInstances/MI_SpecularGlossiness_Opaque_DS.uasset" 730
"../../../Engine/Plugins/Interchange/Assets/Content/gltf/MaterialInstances/MI_SpecularGlossiness_Opaque_DS.uexp" 731
"../../../Engine/Plugins/Interchange/Assets/Content/gltf/MaterialInstances/MI_SpecularGlossiness_Opaque.uasset" 732
"../../../Engine/Plugins/Interchange/Assets/Content/gltf/MaterialInstances/MI_SpecularGlossiness_Opaque.uexp" 733
"../../../Engine/Plugins/Interchange/Assets/Content/gltf/MaterialInstances/MI_SpecularGlossiness_Mask_DS.uasset" 734
"../../../Engine/Plugins/Interchange/Assets/Content/gltf/MaterialInstances/MI_SpecularGlossiness_Mask_DS.uexp" 735
"../../../Engine/Plugins/Interchange/Assets/Content/gltf/MaterialInstances/MI_SpecularGlossiness_Mask.uasset" 736
"../../../Engine/Plugins/Interchange/Assets/Content/gltf/MaterialInstances/MI_SpecularGlossiness_Mask.uexp" 737
"../../../Engine/Plugins/Interchange/Assets/Content/gltf/MaterialInstances/MI_SpecularGlossiness_Blend_DS.uasset" 738
"../../../Engine/Plugins/Interchange/Assets/Content/gltf/MaterialInstances/MI_SpecularGlossiness_Blend_DS.uexp" 739
"../../../Engine/Plugins/Interchange/Assets/Content/gltf/MaterialInstances/MI_SpecularGlossiness_Blend.uasset" 740
"../../../Engine/Plugins/Interchange/Assets/Content/gltf/MaterialInstances/MI_SpecularGlossiness_Blend.uexp" 741
"../../../Engine/Plugins/Interchange/Assets/Content/gltf/MaterialFunctions/MF_Sheen.uasset" 742
"../../../Engine/Plugins/Interchange/Assets/Content/gltf/MaterialFunctions/MF_Sheen.uexp" 743
"../../../Engine/Plugins/Interchange/Assets/Content/gltf/MaterialBodies/MF_Sheen_Body.uasset" 744
"../../../Engine/Plugins/Interchange/Assets/Content/gltf/MaterialBodies/MF_Sheen_Body.uexp" 745
"../../../Engine/Plugins/Interchange/Assets/Content/gltf/M_Sheen.uasset" 746
"../../../Engine/Plugins/Interchange/Assets/Content/gltf/M_Sheen.uexp" 747
"../../../Engine/Plugins/Interchange/Assets/Content/gltf/MaterialInstances/MI_Sheen_Opaque_DS.uasset" 748
"../../../Engine/Plugins/Interchange/Assets/Content/gltf/MaterialInstances/MI_Sheen_Opaque_DS.uexp" 749
"../../../Engine/Plugins/Interchange/Assets/Content/gltf/MaterialInstances/MI_Sheen_Opaque.uasset" 750
"../../../Engine/Plugins/Interchange/Assets/Content/gltf/MaterialInstances/MI_Sheen_Opaque.uexp" 751
"../../../Engine/Plugins/Interchange/Assets/Content/gltf/MaterialInstances/MI_Sheen_Mask_DS.uasset" 752
"../../../Engine/Plugins/Interchange/Assets/Content/gltf/MaterialInstances/MI_Sheen_Mask_DS.uexp" 753
"../../../Engine/Plugins/Interchange/Assets/Content/gltf/MaterialInstances/MI_Sheen_Mask.uasset" 754
"../../../Engine/Plugins/Interchange/Assets/Content/gltf/MaterialInstances/MI_Sheen_Mask.uexp" 755
"../../../Engine/Plugins/Interchange/Assets/Content/gltf/MaterialInstances/MI_Sheen_Blend_DS.uasset" 756
"../../../Engine/Plugins/Interchange/Assets/Content/gltf/MaterialInstances/MI_Sheen_Blend_DS.uexp" 757
"../../../Engine/Plugins/Interchange/Assets/Content/gltf/MaterialInstances/MI_Sheen_Blend.uasset" 758
"../../../Engine/Plugins/Interchange/Assets/Content/gltf/MaterialInstances/MI_Sheen_Blend.uexp" 759
"../../../Engine/Plugins/Interchange/Assets/Content/gltf/MaterialBodies/MF_Default_Body.uasset" 760
"../../../Engine/Plugins/Interchange/Assets/Content/gltf/MaterialBodies/MF_Default_Body.uexp" 761
"../../../Engine/Plugins/Interchange/Assets/Content/gltf/M_Default.uasset" 762
"../../../Engine/Plugins/Interchange/Assets/Content/gltf/M_Default.uexp" 763
"../../../Engine/Plugins/Interchange/Assets/Content/gltf/MaterialInstances/MI_Default_Opaque_DS.uasset" 764
"../../../Engine/Plugins/Interchange/Assets/Content/gltf/MaterialInstances/MI_Default_Opaque_DS.uexp" 765
"../../../Engine/Plugins/Interchange/Assets/Content/gltf/MaterialInstances/MI_Default_Opaque.uasset" 766
"../../../Engine/Plugins/Interchange/Assets/Content/gltf/MaterialInstances/MI_Default_Opaque.uexp" 767
"../../../Engine/Plugins/Interchange/Assets/Content/gltf/MaterialInstances/MI_Default_Mask_DS.uasset" 768
"../../../Engine/Plugins/Interchange/Assets/Content/gltf/MaterialInstances/MI_Default_Mask_DS.uexp" 769
"../../../Engine/Plugins/Interchange/Assets/Content/gltf/MaterialInstances/MI_Default_Mask.uasset" 770
"../../../Engine/Plugins/Interchange/Assets/Content/gltf/MaterialInstances/MI_Default_Mask.uexp" 771
"../../../Engine/Plugins/Interchange/Assets/Content/gltf/MaterialInstances/MI_Default_Blend_DS.uasset" 772
"../../../Engine/Plugins/Interchange/Assets/Content/gltf/MaterialInstances/MI_Default_Blend_DS.uexp" 773
"../../../Engine/Plugins/Interchange/Assets/Content/gltf/MaterialInstances/MI_Default_Blend.uasset" 774
"../../../Engine/Plugins/Interchange/Assets/Content/gltf/MaterialInstances/MI_Default_Blend.uexp" 775
"../../../Engine/Content/Functions/Engine_MaterialFunctions01/Texturing/FlattenNormal.uasset" 776
"../../../Engine/Content/Functions/Engine_MaterialFunctions01/Texturing/FlattenNormal.uexp" 777
"../../../Engine/Plugins/Interchange/Assets/Content/gltf/MaterialFunctions/MF_Clearcoat.uasset" 778
"../../../Engine/Plugins/Interchange/Assets/Content/gltf/MaterialFunctions/MF_Clearcoat.uexp" 779
"../../../Engine/Plugins/Interchange/Assets/Content/gltf/MaterialBodies/MF_ClearCoat_Body.uasset" 780
"../../../Engine/Plugins/Interchange/Assets/Content/gltf/MaterialBodies/MF_ClearCoat_Body.uexp" 781
"../../../Engine/Plugins/Interchange/Assets/Content/gltf/M_ClearCoat.uasset" 782
"../../../Engine/Plugins/Interchange/Assets/Content/gltf/M_ClearCoat.uexp" 783
"../../../Engine/Plugins/Interchange/Assets/Content/gltf/MaterialInstances/MI_ClearCoat_Opaque_DS.uasset" 784
"../../../Engine/Plugins/Interchange/Assets/Content/gltf/MaterialInstances/MI_ClearCoat_Opaque_DS.uexp" 785
"../../../Engine/Plugins/Interchange/Assets/Content/gltf/MaterialInstances/MI_ClearCoat_Opaque.uasset" 786
"../../../Engine/Plugins/Interchange/Assets/Content/gltf/MaterialInstances/MI_ClearCoat_Opaque.uexp" 787
"../../../Engine/Plugins/Interchange/Assets/Content/gltf/MaterialInstances/MI_ClearCoat_Mask_DS.uasset" 788
"../../../Engine/Plugins/Interchange/Assets/Content/gltf/MaterialInstances/MI_ClearCoat_Mask_DS.uexp" 789
"../../../Engine/Plugins/Interchange/Assets/Content/gltf/MaterialInstances/MI_ClearCoat_Mask.uasset" 790
"../../../Engine/Plugins/Interchange/Assets/Content/gltf/MaterialInstances/MI_ClearCoat_Mask.uexp" 791
"../../../Engine/Plugins/Interchange/Assets/Content/gltf/MaterialInstances/MI_ClearCoat_Blend_DS.uasset" 792
"../../../Engine/Plugins/Interchange/Assets/Content/gltf/MaterialInstances/MI_ClearCoat_Blend_DS.uexp" 793
"../../../Engine/Plugins/Interchange/Assets/Content/gltf/MaterialInstances/MI_ClearCoat_Blend.uasset" 794
"../../../Engine/Plugins/Interchange/Assets/Content/gltf/MaterialInstances/MI_ClearCoat_Blend.uexp" 795
"../../../Engine/Content/Functions/Engine_MaterialFunctions01/Shading/PowerToRoughness.uasset" 796
"../../../Engine/Content/Functions/Engine_MaterialFunctions01/Shading/PowerToRoughness.uexp" 797
"../../../Engine/Content/EngineMaterials/Substrate/Volume/SubstrateSimpleVolumeLUT3D.uasset" 798
"../../../Engine/Content/EngineMaterials/Substrate/Volume/SubstrateSimpleVolumeLUT3D.uexp" 799
"../../../Engine/Content/EngineMaterials/Substrate/Volume/SubstrateSimpleVolumeEnvLUT3D.uasset" 800
"../../../Engine/Content/EngineMaterials/Substrate/Volume/SubstrateSimpleVolumeEnvLUT3D.uexp" 801
"../../../Engine/Content/EngineMaterials/Substrate/GLints2/AGlintTex2dArray2.uasset" 802
"../../../Engine/Content/EngineMaterials/Substrate/GLints2/AGlintTex2dArray2.uexp" 803
"../../../Engine/Content/EngineMaterials/Substrate/GLints/AGlintTex2dArray.uasset" 804
"../../../Engine/Content/EngineMaterials/Substrate/GLints/AGlintTex2dArray.uexp" 805
"../../../Engine/Content/ArtTools/RenderToTexture/Meshes/S_1_Unit_Plane.uasset" 806
"../../../Engine/Content/ArtTools/RenderToTexture/Meshes/S_1_Unit_Plane.uexp" 807
"../../../Engine/Content/EngineResources/LandscapeVisibilityLayerInfo.uasset" 808
"../../../Engine/Content/EngineResources/LandscapeVisibilityLayerInfo.uexp" 809
"../../../Engine/Content/VREditor/TransformGizmo/StartRotationHandleIndicator.uasset" 810
"../../../Engine/Content/VREditor/TransformGizmo/StartRotationHandleIndicator.uexp" 811
"../../../Engine/Content/VREditor/Sounds/UI/Drop_Item_From_ContentBrowser.ubulk" 812
"../../../Engine/Content/VREditor/Sounds/UI/Drop_Item_From_ContentBrowser.uasset" 813
"../../../Engine/Content/VREditor/Sounds/UI/Drop_Item_From_ContentBrowser.uexp" 814
"../../../Engine/Content/VREditor/TransformGizmo/PlaneTranslationHandle.uasset" 815
"../../../Engine/Content/VREditor/TransformGizmo/PlaneTranslationHandle.uexp" 816
"../../../Engine/Content/VREditor/Sounds/UI/Object_Snaps_To_Grid.ubulk" 817
"../../../Engine/Content/VREditor/Sounds/UI/Object_Snaps_To_Grid.uasset" 818
"../../../Engine/Content/VREditor/Sounds/UI/Object_Snaps_To_Grid.uexp" 819
"../../../Engine/Content/VREditor/Sounds/UI/Selection_Changes.ubulk" 820
"../../../Engine/Content/VREditor/Sounds/UI/Selection_Changes.uasset" 821
"../../../Engine/Content/VREditor/Sounds/UI/Selection_Changes.uexp" 822
"../../../Engine/Content/VREditor/Sounds/UI/Object_Snaps_To_Another_Actor.ubulk" 823
"../../../Engine/Content/VREditor/Sounds/UI/Object_Snaps_To_Another_Actor.uasset" 824
"../../../Engine/Content/VREditor/Sounds/UI/Object_Snaps_To_Another_Actor.uexp" 825
"../../../Engine/Content/VREditor/TransformGizmo/TranslucentTransformGizmoMaterial_Inst.uasset" 826
"../../../Engine/Content/VREditor/TransformGizmo/TranslucentTransformGizmoMaterial_Inst.uexp" 827
"../../../Engine/Content/VREditor/TransformGizmo/TransformGizmoFreeRotation.uasset" 828
"../../../Engine/Content/VREditor/TransformGizmo/TransformGizmoFreeRotation.uexp" 829
"../../../Engine/Content/VREditor/Sounds/UI/Scaling_Down.ubulk" 830
"../../../Engine/Content/VREditor/Sounds/UI/Scaling_Down.uasset" 831
"../../../Engine/Content/VREditor/Sounds/UI/Scaling_Down.uexp" 832
"../../../Engine/Content/Functions/Engine_MaterialFunctions02/SplitComponents.uasset" 833
"../../../Engine/Content/Functions/Engine_MaterialFunctions02/SplitComponents.uexp" 834
"../../../Engine/Content/VREditor/SnapGrid/SnapGridMaterial.uasset" 835
"../../../Engine/Content/VREditor/SnapGrid/SnapGridMaterial.uexp" 836
"../../../Engine/Content/VREditor/SnapGrid/SnapGridPlaneMesh.uasset" 837
"../../../Engine/Content/VREditor/SnapGrid/SnapGridPlaneMesh.uexp" 838
"../../../Engine/Content/VREditor/Sounds/UI/Scaling_Up.ubulk" 839
"../../../Engine/Content/VREditor/Sounds/UI/Scaling_Up.uasset" 840
"../../../Engine/Content/VREditor/Sounds/UI/Scaling_Up.uexp" 841
"../../../Engine/Content/VREditor/TransformGizmo/TransformGizmoMaterial_Inst.uasset" 842
"../../../Engine/Content/VREditor/TransformGizmo/TransformGizmoMaterial_Inst.uexp" 843
"../../../Engine/Content/VREditor/Sounds/UI/Gizmo_Handle_Clicked.ubulk" 844
"../../../Engine/Content/VREditor/Sounds/UI/Gizmo_Handle_Clicked.uasset" 845
"../../../Engine/Content/VREditor/Sounds/UI/Gizmo_Handle_Clicked.uexp" 846
"../../../Engine/Content/VREditor/TransformGizmo/RotationHandleQuarter.uasset" 847
"../../../Engine/Content/VREditor/TransformGizmo/RotationHandleQuarter.uexp" 848
"../../../Engine/Content/VREditor/TransformGizmo/TranslateArrowHandle.uasset" 849
"../../../Engine/Content/VREditor/TransformGizmo/TranslateArrowHandle.uexp" 850
"../../../Engine/Content/VREditor/TransformGizmo/RotationHandleIndicator.uasset" 851
"../../../Engine/Content/VREditor/TransformGizmo/RotationHandleIndicator.uexp" 852
"../../../Engine/Content/VREditor/TransformGizmo/UniformScaleHandle.uasset" 853
"../../../Engine/Content/VREditor/TransformGizmo/UniformScaleHandle.uexp" 854
"../../../Engine/Content/VREditor/TransformGizmo/RotationHandleFull.uasset" 855
"../../../Engine/Content/VREditor/TransformGizmo/RotationHandleFull.uexp" 856
"../../../Engine/Content/VREditor/Sounds/UI/Object_PickUp.ubulk" 857
"../../../Engine/Content/VREditor/Sounds/UI/Object_PickUp.uasset" 858
"../../../Engine/Content/VREditor/Sounds/UI/Object_PickUp.uexp" 859
"../../../Engine/Plugins/Animation/DeformerGraph/Content/DeformerFunctions/DG_Function_ComputeNormalsTangents.uasset" 860
"../../../Engine/Plugins/Animation/DeformerGraph/Content/DeformerFunctions/DG_Function_ComputeNormalsTangents.uexp" 861
"../../../Engine/Plugins/Animation/DeformerGraph/Content/DeformerFunctions/DG_Function_LinearBlendSkin_Morph_Cloth.uasset" 862
"../../../Engine/Plugins/Animation/DeformerGraph/Content/DeformerFunctions/DG_Function_LinearBlendSkin_Morph_Cloth.uexp" 863
"../../../Engine/Plugins/Animation/DeformerGraph/Content/DeformerFunctions/DG_Function_LinearBlendSkin_Morph_Cloth_PositionOnly.uasset" 864
"../../../Engine/Plugins/Animation/DeformerGraph/Content/DeformerFunctions/DG_Function_LinearBlendSkin_Morph_Cloth_PositionOnly.uexp" 865
"../../../Engine/Plugins/Animation/DeformerGraph/Content/Deformers/DG_LinearBlendSkin_Morph_Cloth.uasset" 866
"../../../Engine/Plugins/Animation/DeformerGraph/Content/Deformers/DG_LinearBlendSkin_Morph_Cloth.uexp" 867
"../../../Engine/Plugins/Animation/DeformerGraph/Content/Deformers/DG_LinearBlendSkin_Morph_Cloth_RecomputeNormals.uasset" 868
"../../../Engine/Plugins/Animation/DeformerGraph/Content/Deformers/DG_LinearBlendSkin_Morph_Cloth_RecomputeNormals.uexp" 869
"../../../Engine/Plugins/NNE/NNEDenoiser/Content/NNEDT_Oidn2-3_Balanced.uasset" 870
"../../../Engine/Plugins/NNE/NNEDenoiser/Content/NNEDT_Oidn2-3_Balanced.uexp" 871
"../../../Engine/Plugins/NNE/NNEDenoiser/Content/NNEDT_Oidn2-3_Balanced_Alpha.uasset" 872
"../../../Engine/Plugins/NNE/NNEDenoiser/Content/NNEDT_Oidn2-3_Balanced_Alpha.uexp" 873
"../../../Engine/Plugins/NNE/NNEDenoiser/Content/NNED_Oidn2-3_Balanced.uasset" 874
"../../../Engine/Plugins/NNE/NNEDenoiser/Content/NNED_Oidn2-3_Balanced.uexp" 875
"../../../Engine/Plugins/NNE/NNEDenoiser/Content/NNED_Oidn2-3_Balanced_Alpha.uasset" 876
"../../../Engine/Plugins/NNE/NNEDenoiser/Content/NNED_Oidn2-3_Balanced_Alpha.uexp" 877
"../../../Engine/Plugins/NNE/NNEDenoiser/Content/NNED_Oidn2-3_Fast.uasset" 878
"../../../Engine/Plugins/NNE/NNEDenoiser/Content/NNED_Oidn2-3_Fast.uexp" 879
"../../../Engine/Plugins/NNE/NNEDenoiser/Content/NNED_Oidn2-3_Fast_Alpha.uasset" 880
"../../../Engine/Plugins/NNE/NNEDenoiser/Content/NNED_Oidn2-3_Fast_Alpha.uexp" 881
"../../../Engine/Plugins/NNE/NNEDenoiser/Content/NNED_Oidn2-3_HighQuality.uasset" 882
"../../../Engine/Plugins/NNE/NNEDenoiser/Content/NNED_Oidn2-3_HighQuality.uexp" 883
"../../../Engine/Plugins/NNE/NNEDenoiser/Content/NNED_Oidn2-3_HighQuality_Alpha.uasset" 884
"../../../Engine/Plugins/NNE/NNEDenoiser/Content/NNED_Oidn2-3_HighQuality_Alpha.uexp" 885
"../../../Engine/Plugins/NNE/NNEDenoiser/Content/NNE_oidn2-3-0_rt_hdr_alb_nrm_small__dyn__fp16_opset11_DenoiseAlpha.uasset" 886
"../../../Engine/Plugins/NNE/NNEDenoiser/Content/NNE_oidn2-3-0_rt_hdr_alb_nrm_small__dyn__fp16_opset11_DenoiseAlpha.uexp" 887
"../../../Engine/Plugins/NNE/NNEDenoiser/Content/NNE_oidn2-3-0_rt_hdr_alb_nrm_small__dyn__fp16_opset11_ForwardAlpha.uasset" 888
"../../../Engine/Plugins/NNE/NNEDenoiser/Content/NNE_oidn2-3-0_rt_hdr_alb_nrm_small__dyn__fp16_opset11_ForwardAlpha.uexp" 889
"../../../Engine/Plugins/NNE/NNEDenoiser/Content/NNE_oidn2-3-0_rt_hdr_alb_nrm__dyn__fp16_opset11_DenoiseAlpha.uasset" 890
"../../../Engine/Plugins/NNE/NNEDenoiser/Content/NNE_oidn2-3-0_rt_hdr_alb_nrm__dyn__fp16_opset11_DenoiseAlpha.uexp" 891
"../../../Engine/Plugins/NNE/NNEDenoiser/Content/NNE_oidn2-3-0_rt_hdr_alb_nrm__dyn__fp16_opset11_ForwardAlpha.uasset" 892
"../../../Engine/Plugins/NNE/NNEDenoiser/Content/NNE_oidn2-3-0_rt_hdr_alb_nrm__dyn__fp16_opset11_ForwardAlpha.uexp" 893
"../../../Engine/Plugins/NNE/NNEDenoiser/Content/NNE_oidn2-3-0_rt_hdr_calb_cnrm_large__dyn__fp16_opset11_DenoiseAlpha.uasset" 894
"../../../Engine/Plugins/NNE/NNEDenoiser/Content/NNE_oidn2-3-0_rt_hdr_calb_cnrm_large__dyn__fp16_opset11_DenoiseAlpha.uexp" 895
"../../../Engine/Plugins/NNE/NNEDenoiser/Content/NNE_oidn2-3-0_rt_hdr_calb_cnrm_large__dyn__fp16_opset11_ForwardAlpha.uasset" 896
"../../../Engine/Plugins/NNE/NNEDenoiser/Content/NNE_oidn2-3-0_rt_hdr_calb_cnrm_large__dyn__fp16_opset11_ForwardAlpha.uexp" 897
"C:/Users/ldgre/Desktop/Game Projects/Toon Tanks/ToonTanks/Content/Fab/GuiParts/UiElements/button_cancel.ubulk" 898
"C:/Users/ldgre/Desktop/Game Projects/Toon Tanks/ToonTanks/Content/Fab/GuiParts/UiElements/button_cancel.uasset" 899
"C:/Users/ldgre/Desktop/Game Projects/Toon Tanks/ToonTanks/Content/Fab/GuiParts/UiElements/button_cancel.uexp" 900
"C:/Users/ldgre/Desktop/Game Projects/Toon Tanks/ToonTanks/Content/UI/WBP_Settings.uasset" 901
"C:/Users/ldgre/Desktop/Game Projects/Toon Tanks/ToonTanks/Content/UI/WBP_Settings.uexp" 902
"C:/Users/ldgre/Desktop/Game Projects/Toon Tanks/ToonTanks/Content/Core/GameModes/BP_MenuGameMode.uasset" 903
"C:/Users/ldgre/Desktop/Game Projects/Toon Tanks/ToonTanks/Content/Core/GameModes/BP_MenuGameMode.uexp" 904
"C:/Users/ldgre/Desktop/Game Projects/Toon Tanks/ToonTanks/Content/Levels/Level_Settings.uexp" 905
"C:/Users/ldgre/Desktop/Game Projects/Toon Tanks/ToonTanks/Content/Levels/Level_Settings.umap" 906
"../../../Engine/Content/BasicShapes/Cube.uasset" 907
"../../../Engine/Content/BasicShapes/Cube.uexp" 908
"C:/Users/ldgre/Desktop/Game Projects/Toon Tanks/ToonTanks/Content/Fab/Platformer_8_Underworld/Textures/T_Textures.ubulk" 909
"C:/Users/ldgre/Desktop/Game Projects/Toon Tanks/ToonTanks/Content/Fab/Platformer_8_Underworld/Textures/T_Textures.uasset" 910
"C:/Users/ldgre/Desktop/Game Projects/Toon Tanks/ToonTanks/Content/Fab/Platformer_8_Underworld/Textures/T_Textures.uexp" 911
"C:/Users/ldgre/Desktop/Game Projects/Toon Tanks/ToonTanks/Content/Fab/Platformer_8_Underworld/Materials/M_Emission.uasset" 912
"C:/Users/ldgre/Desktop/Game Projects/Toon Tanks/ToonTanks/Content/Fab/Platformer_8_Underworld/Materials/M_Emission.uexp" 913
"C:/Users/ldgre/Desktop/Game Projects/Toon Tanks/ToonTanks/Content/Fab/Platformer_8_Underworld/Meshes/SM_hieroglyph_003.uasset" 914
"C:/Users/ldgre/Desktop/Game Projects/Toon Tanks/ToonTanks/Content/Fab/Platformer_8_Underworld/Meshes/SM_hieroglyph_003.uexp" 915
"C:/Users/ldgre/Desktop/Game Projects/Toon Tanks/ToonTanks/Content/Fab/Platformer_8_Underworld/Textures/T_Stone_Normal.ubulk" 916
"C:/Users/ldgre/Desktop/Game Projects/Toon Tanks/ToonTanks/Content/Fab/Platformer_8_Underworld/Textures/T_Stone_Normal.uasset" 917
"C:/Users/ldgre/Desktop/Game Projects/Toon Tanks/ToonTanks/Content/Fab/Platformer_8_Underworld/Textures/T_Stone_Normal.uexp" 918
"C:/Users/ldgre/Desktop/Game Projects/Toon Tanks/ToonTanks/Content/Fab/Platformer_8_Underworld/Materials/M_Color.uasset" 919
"C:/Users/ldgre/Desktop/Game Projects/Toon Tanks/ToonTanks/Content/Fab/Platformer_8_Underworld/Materials/M_Color.uexp" 920
"C:/Users/ldgre/Desktop/Game Projects/Toon Tanks/ToonTanks/Content/Fab/Platformer_8_Underworld/Meshes/SM_ruins_002.uasset" 921
"C:/Users/ldgre/Desktop/Game Projects/Toon Tanks/ToonTanks/Content/Fab/Platformer_8_Underworld/Meshes/SM_ruins_002.uexp" 922
"C:/Users/ldgre/Desktop/Game Projects/Toon Tanks/ToonTanks/Content/Fab/Platformer_8_Underworld/Materials/M_Metal.uasset" 923
"C:/Users/ldgre/Desktop/Game Projects/Toon Tanks/ToonTanks/Content/Fab/Platformer_8_Underworld/Materials/M_Metal.uexp" 924
"C:/Users/ldgre/Desktop/Game Projects/Toon Tanks/ToonTanks/Content/Fab/Platformer_8_Underworld/Meshes/SM_obstacle_5_001.uasset" 925
"C:/Users/ldgre/Desktop/Game Projects/Toon Tanks/ToonTanks/Content/Fab/Platformer_8_Underworld/Meshes/SM_obstacle_5_001.uexp" 926
"C:/Users/ldgre/Desktop/Game Projects/Toon Tanks/ToonTanks/Content/Fab/Platformer_8_Underworld/Meshes/SM_circle_001.uasset" 927
"C:/Users/ldgre/Desktop/Game Projects/Toon Tanks/ToonTanks/Content/Fab/Platformer_8_Underworld/Meshes/SM_circle_001.uexp" 928
"C:/Users/ldgre/Desktop/Game Projects/Toon Tanks/ToonTanks/Content/Environment/Platforming/BP_BaseMovingPlatform.uasset" 929
"C:/Users/ldgre/Desktop/Game Projects/Toon Tanks/ToonTanks/Content/Environment/Platforming/BP_BaseMovingPlatform.uexp" 930
"../../../Engine/Content/EditorBlueprintResources/StandardMacros.uasset" 931
"../../../Engine/Content/EditorBlueprintResources/StandardMacros.uexp" 932
"C:/Users/ldgre/Desktop/Game Projects/Toon Tanks/ToonTanks/Content/Components/BP_VFXComponent.uasset" 933
"C:/Users/ldgre/Desktop/Game Projects/Toon Tanks/ToonTanks/Content/Components/BP_VFXComponent.uexp" 934
"C:/Users/ldgre/Desktop/Game Projects/Toon Tanks/ToonTanks/Content/Audio/AudioClips/SFX/Death_Sound.ubulk" 935
"C:/Users/ldgre/Desktop/Game Projects/Toon Tanks/ToonTanks/Content/Audio/AudioClips/SFX/Death_Sound.uasset" 936
"C:/Users/ldgre/Desktop/Game Projects/Toon Tanks/ToonTanks/Content/Audio/AudioClips/SFX/Death_Sound.uexp" 937
"C:/Users/ldgre/Desktop/Game Projects/Toon Tanks/ToonTanks/Content/Art/Textures/T_ColourGrid.ubulk" 938
"C:/Users/ldgre/Desktop/Game Projects/Toon Tanks/ToonTanks/Content/Art/Textures/T_ColourGrid.uasset" 939
"C:/Users/ldgre/Desktop/Game Projects/Toon Tanks/ToonTanks/Content/Art/Textures/T_ColourGrid.uexp" 940
"C:/Users/ldgre/Desktop/Game Projects/Toon Tanks/ToonTanks/Content/Art/Materials/M_TextureBase.uasset" 941
"C:/Users/ldgre/Desktop/Game Projects/Toon Tanks/ToonTanks/Content/Art/Materials/M_TextureBase.uexp" 942
"C:/Users/ldgre/Desktop/Game Projects/Toon Tanks/ToonTanks/Content/Art/Materials/M_Texture_Inst.uasset" 943
"C:/Users/ldgre/Desktop/Game Projects/Toon Tanks/ToonTanks/Content/Art/Materials/M_Texture_Inst.uexp" 944
"C:/Users/ldgre/Desktop/Game Projects/Toon Tanks/ToonTanks/Content/Art/Materials/M_EmissiveBase.uasset" 945
"C:/Users/ldgre/Desktop/Game Projects/Toon Tanks/ToonTanks/Content/Art/Materials/M_EmissiveBase.uexp" 946
"C:/Users/ldgre/Desktop/Game Projects/Toon Tanks/ToonTanks/Content/Art/Materials/M_EmissiveGreen_Inst.uasset" 947
"C:/Users/ldgre/Desktop/Game Projects/Toon Tanks/ToonTanks/Content/Art/Materials/M_EmissiveGreen_Inst.uexp" 948
"C:/Users/ldgre/Desktop/Game Projects/Toon Tanks/ToonTanks/Content/Art/Meshes/SM_TankBase.uasset" 949
"C:/Users/ldgre/Desktop/Game Projects/Toon Tanks/ToonTanks/Content/Art/Meshes/SM_TankBase.uexp" 950
"C:/Users/ldgre/Desktop/Game Projects/Toon Tanks/ToonTanks/Content/Player/FSM/EMovementMode.uasset" 951
"C:/Users/ldgre/Desktop/Game Projects/Toon Tanks/ToonTanks/Content/Player/FSM/EMovementMode.uexp" 952
"C:/Users/ldgre/Desktop/Game Projects/Toon Tanks/ToonTanks/Content/Core/Interfaces/BPI_Interactable.uasset" 953
"C:/Users/ldgre/Desktop/Game Projects/Toon Tanks/ToonTanks/Content/Core/Interfaces/BPI_Interactable.uexp" 954
"C:/Users/ldgre/Desktop/Game Projects/Toon Tanks/ToonTanks/Content/Fab/EasyInputPrompts/GraphicContent/MouseAndKeyboard/T_Keyboard_E.uasset" 955
"C:/Users/ldgre/Desktop/Game Projects/Toon Tanks/ToonTanks/Content/Fab/EasyInputPrompts/GraphicContent/MouseAndKeyboard/T_Keyboard_E.uexp" 956
"C:/Users/ldgre/Desktop/Game Projects/Toon Tanks/ToonTanks/Content/UI/WBP_Interact.uasset" 957
"C:/Users/ldgre/Desktop/Game Projects/Toon Tanks/ToonTanks/Content/UI/WBP_Interact.uexp" 958
"C:/Users/ldgre/Desktop/Game Projects/Toon Tanks/ToonTanks/Content/Environment/Interactables/BP_InteractablePickupBase.uasset" 959
"C:/Users/ldgre/Desktop/Game Projects/Toon Tanks/ToonTanks/Content/Environment/Interactables/BP_InteractablePickupBase.uexp" 960
"C:/Users/ldgre/Desktop/Game Projects/Toon Tanks/ToonTanks/Content/Art/Meshes/SM_TankTurret.uasset" 961
"C:/Users/ldgre/Desktop/Game Projects/Toon Tanks/ToonTanks/Content/Art/Meshes/SM_TankTurret.uexp" 962
"C:/Users/ldgre/Desktop/Game Projects/Toon Tanks/ToonTanks/Content/Weapons/Muzzle/Muzzle.uasset" 963
"C:/Users/ldgre/Desktop/Game Projects/Toon Tanks/ToonTanks/Content/Weapons/Muzzle/Muzzle.uexp" 964
"C:/Users/ldgre/Desktop/Game Projects/Toon Tanks/ToonTanks/Content/Art/Materials/M_EmissiveRed_Inst.uasset" 965
"C:/Users/ldgre/Desktop/Game Projects/Toon Tanks/ToonTanks/Content/Art/Materials/M_EmissiveRed_Inst.uexp" 966
"C:/Users/ldgre/Desktop/Game Projects/Toon Tanks/ToonTanks/Content/Art/Meshes/SM_Projectile.uasset" 967
"C:/Users/ldgre/Desktop/Game Projects/Toon Tanks/ToonTanks/Content/Art/Meshes/SM_Projectile.uexp" 968
"../../../Engine/Content/MapTemplates/Materials/BasicAsset03.uasset" 969
"../../../Engine/Content/MapTemplates/Materials/BasicAsset03.uexp" 970
"C:/Users/ldgre/Desktop/Game Projects/Toon Tanks/ToonTanks/Content/AI/PatrolPoints/BP_PatrolPointMarkers.uasset" 971
"C:/Users/ldgre/Desktop/Game Projects/Toon Tanks/ToonTanks/Content/AI/PatrolPoints/BP_PatrolPointMarkers.uexp" 972
"C:/Users/ldgre/Desktop/Game Projects/Toon Tanks/ToonTanks/Content/AI/Components/AI_PathFollowingComponent.uasset" 973
"C:/Users/ldgre/Desktop/Game Projects/Toon Tanks/ToonTanks/Content/AI/Components/AI_PathFollowingComponent.uexp" 974
"C:/Users/ldgre/Desktop/Game Projects/Toon Tanks/ToonTanks/Content/Audio/SoundAttenuators/SA_EnemyTankMovement.uasset" 975
"C:/Users/ldgre/Desktop/Game Projects/Toon Tanks/ToonTanks/Content/Audio/SoundAttenuators/SA_EnemyTankMovement.uexp" 976
"C:/Users/ldgre/Desktop/Game Projects/Toon Tanks/ToonTanks/Content/Components/BP_AudioComponent.uasset" 977
"C:/Users/ldgre/Desktop/Game Projects/Toon Tanks/ToonTanks/Content/Components/BP_AudioComponent.uexp" 978
"C:/Users/ldgre/Desktop/Game Projects/Toon Tanks/ToonTanks/Content/Art/Materials/M_ParticleBase.uasset" 979
"C:/Users/ldgre/Desktop/Game Projects/Toon Tanks/ToonTanks/Content/Art/Materials/M_ParticleBase.uexp" 980
"C:/Users/ldgre/Desktop/Game Projects/Toon Tanks/ToonTanks/Content/Art/Materials/M_Particle_Inst.uasset" 981
"C:/Users/ldgre/Desktop/Game Projects/Toon Tanks/ToonTanks/Content/Art/Materials/M_Particle_Inst.uexp" 982
"C:/Users/ldgre/Desktop/Game Projects/Toon Tanks/ToonTanks/Content/Art/Meshes/SM_Sphere.uasset" 983
"C:/Users/ldgre/Desktop/Game Projects/Toon Tanks/ToonTanks/Content/Art/Meshes/SM_Sphere.uexp" 984
"C:/Users/ldgre/Desktop/Game Projects/Toon Tanks/ToonTanks/Content/VFX/P_SingleShotTrail.uasset" 985
"C:/Users/ldgre/Desktop/Game Projects/Toon Tanks/ToonTanks/Content/VFX/P_SingleShotTrail.uexp" 986
"C:/Users/ldgre/Desktop/Game Projects/Toon Tanks/ToonTanks/Content/Audio/SoundAttenuators/SA_Projectiles.uasset" 987
"C:/Users/ldgre/Desktop/Game Projects/Toon Tanks/ToonTanks/Content/Audio/SoundAttenuators/SA_Projectiles.uexp" 988
"C:/Users/ldgre/Desktop/Game Projects/Toon Tanks/ToonTanks/Content/Audio/AudioClips/SFX/SingleShotHitSound.ubulk" 989
"C:/Users/ldgre/Desktop/Game Projects/Toon Tanks/ToonTanks/Content/Audio/AudioClips/SFX/SingleShotHitSound.uasset" 990
"C:/Users/ldgre/Desktop/Game Projects/Toon Tanks/ToonTanks/Content/Audio/AudioClips/SFX/SingleShotHitSound.uexp" 991
"C:/Users/ldgre/Desktop/Game Projects/Toon Tanks/ToonTanks/Content/Audio/AudioClips/SFX/ShootSounds/SingleShotFireSoundEffect.ubulk" 992
"C:/Users/ldgre/Desktop/Game Projects/Toon Tanks/ToonTanks/Content/Audio/AudioClips/SFX/ShootSounds/SingleShotFireSoundEffect.uasset" 993
"C:/Users/ldgre/Desktop/Game Projects/Toon Tanks/ToonTanks/Content/Audio/AudioClips/SFX/ShootSounds/SingleShotFireSoundEffect.uexp" 994
"C:/Users/ldgre/Desktop/Game Projects/Toon Tanks/ToonTanks/Content/Weapons/Projectiles/BP_SingleShot.uasset" 995
"C:/Users/ldgre/Desktop/Game Projects/Toon Tanks/ToonTanks/Content/Weapons/Projectiles/BP_SingleShot.uexp" 996
"C:/Users/ldgre/Desktop/Game Projects/Toon Tanks/ToonTanks/Content/VFX/P_SingleShotHitEffect.uasset" 997
"C:/Users/ldgre/Desktop/Game Projects/Toon Tanks/ToonTanks/Content/VFX/P_SingleShotHitEffect.uexp" 998
"C:/Users/ldgre/Desktop/Game Projects/Toon Tanks/ToonTanks/Content/UI/Images/SingelShotUIImage.uasset" 999
"C:/Users/ldgre/Desktop/Game Projects/Toon Tanks/ToonTanks/Content/UI/Images/SingelShotUIImage.uexp" 1000
"C:/Users/ldgre/Desktop/Game Projects/Toon Tanks/ToonTanks/Content/Weapons/WeaponData/DA_SingleShot.uasset" 1001
"C:/Users/ldgre/Desktop/Game Projects/Toon Tanks/ToonTanks/Content/Weapons/WeaponData/DA_SingleShot.uexp" 1002
"C:/Users/ldgre/Desktop/Game Projects/Toon Tanks/ToonTanks/Content/Weapons/Enums/EProjectileType.uasset" 1003
"C:/Users/ldgre/Desktop/Game Projects/Toon Tanks/ToonTanks/Content/Weapons/Enums/EProjectileType.uexp" 1004
"C:/Users/ldgre/Desktop/Game Projects/Toon Tanks/ToonTanks/Content/Weapons/Enums/EFireMode.uasset" 1005
"C:/Users/ldgre/Desktop/Game Projects/Toon Tanks/ToonTanks/Content/Weapons/Enums/EFireMode.uexp" 1006
"C:/Users/ldgre/Desktop/Game Projects/Toon Tanks/ToonTanks/Content/Weapons/Enums/EweaponState.uasset" 1007
"C:/Users/ldgre/Desktop/Game Projects/Toon Tanks/ToonTanks/Content/Weapons/Enums/EweaponState.uexp" 1008
"C:/Users/ldgre/Desktop/Game Projects/Toon Tanks/ToonTanks/Content/Components/BP_WeaponComponent.uasset" 1009
"C:/Users/ldgre/Desktop/Game Projects/Toon Tanks/ToonTanks/Content/Components/BP_WeaponComponent.uexp" 1010
"C:/Users/ldgre/Desktop/Game Projects/Toon Tanks/ToonTanks/Content/AI/Pawns/BP_BaseEnemyPawn.uasset" 1011
"C:/Users/ldgre/Desktop/Game Projects/Toon Tanks/ToonTanks/Content/AI/Pawns/BP_BaseEnemyPawn.uexp" 1012
"C:/Users/ldgre/Desktop/Game Projects/Toon Tanks/ToonTanks/Content/Core/GameModes/Structs/S_EnemySpawnData.uasset" 1013
"C:/Users/ldgre/Desktop/Game Projects/Toon Tanks/ToonTanks/Content/Core/GameModes/Structs/S_EnemySpawnData.uexp" 1014
"C:/Users/ldgre/Desktop/Game Projects/Toon Tanks/ToonTanks/Content/Fab/Lyra/Spawnpad/Texture/T_LaunchPadShape.uasset" 1015
"C:/Users/ldgre/Desktop/Game Projects/Toon Tanks/ToonTanks/Content/Fab/Lyra/Spawnpad/Texture/T_LaunchPadShape.uexp" 1016
"C:/Users/ldgre/Desktop/Game Projects/Toon Tanks/ToonTanks/Content/Fab/Lyra/Generic/Materials/M_InternalShapeGlow.uasset" 1017
"C:/Users/ldgre/Desktop/Game Projects/Toon Tanks/ToonTanks/Content/Fab/Lyra/Generic/Materials/M_InternalShapeGlow.uexp" 1018
"C:/Users/ldgre/Desktop/Game Projects/Toon Tanks/ToonTanks/Content/Fab/Lyra/Spawnpad/Material/MI_InternalShapeGlow.uasset" 1019
"C:/Users/ldgre/Desktop/Game Projects/Toon Tanks/ToonTanks/Content/Fab/Lyra/Spawnpad/Material/MI_InternalShapeGlow.uexp" 1020
"C:/Users/ldgre/Desktop/Game Projects/Toon Tanks/ToonTanks/Content/Fab/Lyra/Spawnpad/Material/MI_InternalShapeGlow_Circle.uasset" 1021
"C:/Users/ldgre/Desktop/Game Projects/Toon Tanks/ToonTanks/Content/Fab/Lyra/Spawnpad/Material/MI_InternalShapeGlow_Circle.uexp" 1022
"C:/Users/ldgre/Desktop/Game Projects/Toon Tanks/ToonTanks/Content/Fab/Lyra/Generic/Textures/T_NoiseSpeckle_01.ubulk" 1023
"C:/Users/ldgre/Desktop/Game Projects/Toon Tanks/ToonTanks/Content/Fab/Lyra/Generic/Textures/T_NoiseSpeckle_01.uasset" 1024
"C:/Users/ldgre/Desktop/Game Projects/Toon Tanks/ToonTanks/Content/Fab/Lyra/Generic/Textures/T_NoiseSpeckle_01.uexp" 1025
"C:/Users/ldgre/Desktop/Game Projects/Toon Tanks/ToonTanks/Content/Fab/Characters/Heroes/Mannequin/Textures/Shared/ChromaticCurve.uasset" 1026
"C:/Users/ldgre/Desktop/Game Projects/Toon Tanks/ToonTanks/Content/Fab/Characters/Heroes/Mannequin/Textures/Shared/ChromaticCurve.uexp" 1027
"../../../Engine/Content/EngineResources/Gray.uasset" 1028
"../../../Engine/Content/EngineResources/Gray.uexp" 1029
"../../../Engine/Content/Functions/Engine_MaterialFunctions01/Gradient/LinearGradient.uasset" 1030
"../../../Engine/Content/Functions/Engine_MaterialFunctions01/Gradient/LinearGradient.uexp" 1031
"../../../Engine/Content/Functions/Engine_MaterialFunctions01/ImageAdjustment/CheapContrast.uasset" 1032
"../../../Engine/Content/Functions/Engine_MaterialFunctions01/ImageAdjustment/CheapContrast.uexp" 1033
"C:/Users/ldgre/Desktop/Game Projects/Toon Tanks/ToonTanks/Content/Fab/Characters/Heroes/Mannequin/Textures/Shared/CA_Mannequin.uasset" 1034
"C:/Users/ldgre/Desktop/Game Projects/Toon Tanks/ToonTanks/Content/Fab/Characters/Heroes/Mannequin/Textures/Shared/CA_Mannequin.uexp" 1035
"../../../Engine/Content/Functions/Engine_MaterialFunctions01/Texturing/WorldAlignedTexture.uasset" 1036
"../../../Engine/Content/Functions/Engine_MaterialFunctions01/Texturing/WorldAlignedTexture.uexp" 1037
"C:/Users/ldgre/Desktop/Game Projects/Toon Tanks/ToonTanks/Content/Fab/Lyra/Spawnpad/Material/M_MetalChroma_LaunchPad.uasset" 1038
"C:/Users/ldgre/Desktop/Game Projects/Toon Tanks/ToonTanks/Content/Fab/Lyra/Spawnpad/Material/M_MetalChroma_LaunchPad.uexp" 1039
"C:/Users/ldgre/Desktop/Game Projects/Toon Tanks/ToonTanks/Content/Fab/Lyra/Spawnpad/Mesh/SM_launchpad_Round.uasset" 1040
"C:/Users/ldgre/Desktop/Game Projects/Toon Tanks/ToonTanks/Content/Fab/Lyra/Spawnpad/Mesh/SM_launchpad_Round.uexp" 1041
"C:/Users/ldgre/Desktop/Game Projects/Toon Tanks/ToonTanks/Content/Fab/EasyInputPrompts/DemoContent/Materials/M_MatMaterial.uasset" 1042
"C:/Users/ldgre/Desktop/Game Projects/Toon Tanks/ToonTanks/Content/Fab/EasyInputPrompts/DemoContent/Materials/M_MatMaterial.uexp" 1043
"C:/Users/ldgre/Desktop/Game Projects/Toon Tanks/ToonTanks/Content/Fab/EasyInputPrompts/DemoContent/Materials/MI_MatMaterial_Green.uasset" 1044
"C:/Users/ldgre/Desktop/Game Projects/Toon Tanks/ToonTanks/Content/Fab/EasyInputPrompts/DemoContent/Materials/MI_MatMaterial_Green.uexp" 1045
"C:/Users/ldgre/Desktop/Game Projects/Toon Tanks/ToonTanks/Content/Environment/Interactables/Pickups/HealthPickups/BP_BaseHealthPickup.uasset" 1046
"C:/Users/ldgre/Desktop/Game Projects/Toon Tanks/ToonTanks/Content/Environment/Interactables/Pickups/HealthPickups/BP_BaseHealthPickup.uexp" 1047
"C:/Users/ldgre/Desktop/Game Projects/Toon Tanks/ToonTanks/Content/Core/GameModes/Structs/S_HealthPickUpSpawnData.uasset" 1048
"C:/Users/ldgre/Desktop/Game Projects/Toon Tanks/ToonTanks/Content/Core/GameModes/Structs/S_HealthPickUpSpawnData.uexp" 1049
"C:/Users/ldgre/Desktop/Game Projects/Toon Tanks/ToonTanks/Content/Fab/Lyra/Spawnpad/Material/MI_InternalShapeGlow_Hex.uasset" 1050
"C:/Users/ldgre/Desktop/Game Projects/Toon Tanks/ToonTanks/Content/Fab/Lyra/Spawnpad/Material/MI_InternalShapeGlow_Hex.uexp" 1051
"C:/Users/ldgre/Desktop/Game Projects/Toon Tanks/ToonTanks/Content/Fab/Lyra/Spawnpad/Mesh/SM_launchpad_Hex.uasset" 1052
"C:/Users/ldgre/Desktop/Game Projects/Toon Tanks/ToonTanks/Content/Fab/Lyra/Spawnpad/Mesh/SM_launchpad_Hex.uexp" 1053
"C:/Users/ldgre/Desktop/Game Projects/Toon Tanks/ToonTanks/Content/Art/Materials/Red.uasset" 1054
"C:/Users/ldgre/Desktop/Game Projects/Toon Tanks/ToonTanks/Content/Art/Materials/Red.uexp" 1055
"C:/Users/ldgre/Desktop/Game Projects/Toon Tanks/ToonTanks/Content/Audio/AudioClips/SFX/Pickup_Weapon_Sound_Effect.ubulk" 1056
"C:/Users/ldgre/Desktop/Game Projects/Toon Tanks/ToonTanks/Content/Audio/AudioClips/SFX/Pickup_Weapon_Sound_Effect.uasset" 1057
"C:/Users/ldgre/Desktop/Game Projects/Toon Tanks/ToonTanks/Content/Audio/AudioClips/SFX/Pickup_Weapon_Sound_Effect.uexp" 1058
"C:/Users/ldgre/Desktop/Game Projects/Toon Tanks/ToonTanks/Content/Environment/Interactables/Pickups/WeaponPickups/BP_WeaponClassPickUpBase.uasset" 1059
"C:/Users/ldgre/Desktop/Game Projects/Toon Tanks/ToonTanks/Content/Environment/Interactables/Pickups/WeaponPickups/BP_WeaponClassPickUpBase.uexp" 1060
"C:/Users/ldgre/Desktop/Game Projects/Toon Tanks/ToonTanks/Content/Fab/GuiParts/UiElements/Mini_frame2.ubulk" 1061
"C:/Users/ldgre/Desktop/Game Projects/Toon Tanks/ToonTanks/Content/Fab/GuiParts/UiElements/Mini_frame2.uasset" 1062
"C:/Users/ldgre/Desktop/Game Projects/Toon Tanks/ToonTanks/Content/Fab/GuiParts/UiElements/Mini_frame2.uexp" 1063
"C:/Users/ldgre/Desktop/Game Projects/Toon Tanks/ToonTanks/Content/Player/Inventory/Keys/EKeyId.uasset" 1064
"C:/Users/ldgre/Desktop/Game Projects/Toon Tanks/ToonTanks/Content/Player/Inventory/Keys/EKeyId.uexp" 1065
"C:/Users/ldgre/Desktop/Game Projects/Toon Tanks/ToonTanks/Content/Player/Inventory/Keys/PDA_Keys.uasset" 1066
"C:/Users/ldgre/Desktop/Game Projects/Toon Tanks/ToonTanks/Content/Player/Inventory/Keys/PDA_Keys.uexp" 1067
"C:/Users/ldgre/Desktop/Game Projects/Toon Tanks/ToonTanks/Content/UI/Images/PickUpKeyUiImage1.ubulk" 1068
"C:/Users/ldgre/Desktop/Game Projects/Toon Tanks/ToonTanks/Content/UI/Images/PickUpKeyUiImage1.uasset" 1069
"C:/Users/ldgre/Desktop/Game Projects/Toon Tanks/ToonTanks/Content/UI/Images/PickUpKeyUiImage1.uexp" 1070
"C:/Users/ldgre/Desktop/Game Projects/Toon Tanks/ToonTanks/Content/Fab/Platformer_8_Underworld/Meshes/SM_hieroglyph_001.uasset" 1071
"C:/Users/ldgre/Desktop/Game Projects/Toon Tanks/ToonTanks/Content/Fab/Platformer_8_Underworld/Meshes/SM_hieroglyph_001.uexp" 1072
"C:/Users/ldgre/Desktop/Game Projects/Toon Tanks/ToonTanks/Content/Player/Inventory/Keys/Key1.uasset" 1073
"C:/Users/ldgre/Desktop/Game Projects/Toon Tanks/ToonTanks/Content/Player/Inventory/Keys/Key1.uexp" 1074
"C:/Users/ldgre/Desktop/Game Projects/Toon Tanks/ToonTanks/Content/Components/BP_InventoryComponent.uasset" 1075
"C:/Users/ldgre/Desktop/Game Projects/Toon Tanks/ToonTanks/Content/Components/BP_InventoryComponent.uexp" 1076
"C:/Users/ldgre/Desktop/Game Projects/Toon Tanks/ToonTanks/Content/Fab/GuiParts/UiElements/Mini_background.ubulk" 1077
"C:/Users/ldgre/Desktop/Game Projects/Toon Tanks/ToonTanks/Content/Fab/GuiParts/UiElements/Mini_background.uasset" 1078
"C:/Users/ldgre/Desktop/Game Projects/Toon Tanks/ToonTanks/Content/Fab/GuiParts/UiElements/Mini_background.uexp" 1079
"C:/Users/ldgre/Desktop/Game Projects/Toon Tanks/ToonTanks/Content/Fab/GuiParts/UiElements/button2_ready_off.ubulk" 1080
"C:/Users/ldgre/Desktop/Game Projects/Toon Tanks/ToonTanks/Content/Fab/GuiParts/UiElements/button2_ready_off.uasset" 1081
"C:/Users/ldgre/Desktop/Game Projects/Toon Tanks/ToonTanks/Content/Fab/GuiParts/UiElements/button2_ready_off.uexp" 1082
"C:/Users/ldgre/Desktop/Game Projects/Toon Tanks/ToonTanks/Content/UI/WBP_InventorySlot.uasset" 1083
"C:/Users/ldgre/Desktop/Game Projects/Toon Tanks/ToonTanks/Content/UI/WBP_InventorySlot.uexp" 1084
"C:/Users/ldgre/Desktop/Game Projects/Toon Tanks/ToonTanks/Content/UI/WBP_Inventory.uasset" 1085
"C:/Users/ldgre/Desktop/Game Projects/Toon Tanks/ToonTanks/Content/UI/WBP_Inventory.uexp" 1086
"C:/Users/ldgre/Desktop/Game Projects/Toon Tanks/ToonTanks/Content/Player/Input/Inputs/IA_Interact.uasset" 1087
"C:/Users/ldgre/Desktop/Game Projects/Toon Tanks/ToonTanks/Content/Player/Input/Inputs/IA_Interact.uexp" 1088
"C:/Users/ldgre/Desktop/Game Projects/Toon Tanks/ToonTanks/Content/Fab/GuiParts/UiElements/Hp_line.ubulk" 1089
"C:/Users/ldgre/Desktop/Game Projects/Toon Tanks/ToonTanks/Content/Fab/GuiParts/UiElements/Hp_line.uasset" 1090
"C:/Users/ldgre/Desktop/Game Projects/Toon Tanks/ToonTanks/Content/Fab/GuiParts/UiElements/Hp_line.uexp" 1091
"C:/Users/ldgre/Desktop/Game Projects/Toon Tanks/ToonTanks/Content/Fab/GuiParts/UiElements/Hp_frame.ubulk" 1092
"C:/Users/ldgre/Desktop/Game Projects/Toon Tanks/ToonTanks/Content/Fab/GuiParts/UiElements/Hp_frame.uasset" 1093
"C:/Users/ldgre/Desktop/Game Projects/Toon Tanks/ToonTanks/Content/Fab/GuiParts/UiElements/Hp_frame.uexp" 1094
"C:/Users/ldgre/Desktop/Game Projects/Toon Tanks/ToonTanks/Content/UI/WBP_HealthBar.uasset" 1095
"C:/Users/ldgre/Desktop/Game Projects/Toon Tanks/ToonTanks/Content/UI/WBP_HealthBar.uexp" 1096
"C:/Users/ldgre/Desktop/Game Projects/Toon Tanks/ToonTanks/Content/Fab/GuiParts/UiElements/lil_roundframe_ready.uasset" 1097
"C:/Users/ldgre/Desktop/Game Projects/Toon Tanks/ToonTanks/Content/Fab/GuiParts/UiElements/lil_roundframe_ready.uexp" 1098
"C:/Users/ldgre/Desktop/Game Projects/Toon Tanks/ToonTanks/Content/UI/WBP_WeaponIcon.uasset" 1099
"C:/Users/ldgre/Desktop/Game Projects/Toon Tanks/ToonTanks/Content/UI/WBP_WeaponIcon.uexp" 1100
"C:/Users/ldgre/Desktop/Game Projects/Toon Tanks/ToonTanks/Content/UI/Images/BackPackImage.uasset" 1101
"C:/Users/ldgre/Desktop/Game Projects/Toon Tanks/ToonTanks/Content/UI/Images/BackPackImage.uexp" 1102
"C:/Users/ldgre/Desktop/Game Projects/Toon Tanks/ToonTanks/Content/Fab/EasyInputPrompts/GraphicContent/MouseAndKeyboard/T_Keyboard_Tab.uasset" 1103
"C:/Users/ldgre/Desktop/Game Projects/Toon Tanks/ToonTanks/Content/Fab/EasyInputPrompts/GraphicContent/MouseAndKeyboard/T_Keyboard_Tab.uexp" 1104
"C:/Users/ldgre/Desktop/Game Projects/Toon Tanks/ToonTanks/Content/Fab/GuiParts/UiElements/button2.ubulk" 1105
"C:/Users/ldgre/Desktop/Game Projects/Toon Tanks/ToonTanks/Content/Fab/GuiParts/UiElements/button2.uasset" 1106
"C:/Users/ldgre/Desktop/Game Projects/Toon Tanks/ToonTanks/Content/Fab/GuiParts/UiElements/button2.uexp" 1107
"C:/Users/ldgre/Desktop/Game Projects/Toon Tanks/ToonTanks/Content/UI/WBP_InventoryButton.uasset" 1108
"C:/Users/ldgre/Desktop/Game Projects/Toon Tanks/ToonTanks/Content/UI/WBP_InventoryButton.uexp" 1109
"C:/Users/ldgre/Desktop/Game Projects/Toon Tanks/ToonTanks/Content/UI/WBP_HUD.uasset" 1110
"C:/Users/ldgre/Desktop/Game Projects/Toon Tanks/ToonTanks/Content/UI/WBP_HUD.uexp" 1111
"C:/Users/ldgre/Desktop/Game Projects/Toon Tanks/ToonTanks/Content/Player/Input/Inputs/IA_Look.uasset" 1112
"C:/Users/ldgre/Desktop/Game Projects/Toon Tanks/ToonTanks/Content/Player/Input/Inputs/IA_Look.uexp" 1113
"C:/Users/ldgre/Desktop/Game Projects/Toon Tanks/ToonTanks/Content/Player/Input/Inputs/IA_Fire.uasset" 1114
"C:/Users/ldgre/Desktop/Game Projects/Toon Tanks/ToonTanks/Content/Player/Input/Inputs/IA_Fire.uexp" 1115
"C:/Users/ldgre/Desktop/Game Projects/Toon Tanks/ToonTanks/Content/Player/Input/Inputs/IA_Move.uasset" 1116
"C:/Users/ldgre/Desktop/Game Projects/Toon Tanks/ToonTanks/Content/Player/Input/Inputs/IA_Move.uexp" 1117
"C:/Users/ldgre/Desktop/Game Projects/Toon Tanks/ToonTanks/Content/Player/Input/Inputs/IA_Inventory.uasset" 1118
"C:/Users/ldgre/Desktop/Game Projects/Toon Tanks/ToonTanks/Content/Player/Input/Inputs/IA_Inventory.uexp" 1119
"C:/Users/ldgre/Desktop/Game Projects/Toon Tanks/ToonTanks/Content/Player/Input/InputMappingContext/BPIMC_Player.uasset" 1120
"C:/Users/ldgre/Desktop/Game Projects/Toon Tanks/ToonTanks/Content/Player/Input/InputMappingContext/BPIMC_Player.uexp" 1121
"C:/Users/ldgre/Desktop/Game Projects/Toon Tanks/ToonTanks/Content/Player/Controllers/BP_PlayerController.uasset" 1122
"C:/Users/ldgre/Desktop/Game Projects/Toon Tanks/ToonTanks/Content/Player/Controllers/BP_PlayerController.uexp" 1123
"C:/Users/ldgre/Desktop/Game Projects/Toon Tanks/ToonTanks/Content/Core/GameModes/Structs/S_WeaponPickUpSpawnData.uasset" 1124
"C:/Users/ldgre/Desktop/Game Projects/Toon Tanks/ToonTanks/Content/Core/GameModes/Structs/S_WeaponPickUpSpawnData.uexp" 1125
"C:/Users/ldgre/Desktop/Game Projects/Toon Tanks/ToonTanks/Content/Core/GameModes/BP_ToonTanksGameMode.uasset" 1126
"C:/Users/ldgre/Desktop/Game Projects/Toon Tanks/ToonTanks/Content/Core/GameModes/BP_ToonTanksGameMode.uexp" 1127
"C:/Users/ldgre/Desktop/Game Projects/Toon Tanks/ToonTanks/Content/Components/BP_DeathComponent.uasset" 1128
"C:/Users/ldgre/Desktop/Game Projects/Toon Tanks/ToonTanks/Content/Components/BP_DeathComponent.uexp" 1129
"C:/Users/ldgre/Desktop/Game Projects/Toon Tanks/ToonTanks/Content/Components/BP_HealthComponent.uasset" 1130
"C:/Users/ldgre/Desktop/Game Projects/Toon Tanks/ToonTanks/Content/Components/BP_HealthComponent.uexp" 1131
"C:/Users/ldgre/Desktop/Game Projects/Toon Tanks/ToonTanks/Content/VFX/BP_TrailVFXActor.uasset" 1132
"C:/Users/ldgre/Desktop/Game Projects/Toon Tanks/ToonTanks/Content/VFX/BP_TrailVFXActor.uexp" 1133
"C:/Users/ldgre/Desktop/Game Projects/Toon Tanks/ToonTanks/Content/Weapons/Projectiles/BP_BaseProjectile.uasset" 1134
"C:/Users/ldgre/Desktop/Game Projects/Toon Tanks/ToonTanks/Content/Weapons/Projectiles/BP_BaseProjectile.uexp" 1135
"C:/Users/ldgre/Desktop/Game Projects/Toon Tanks/ToonTanks/Content/Weapons/WeaponData/DA_WeaponDefintion.uasset" 1136
"C:/Users/ldgre/Desktop/Game Projects/Toon Tanks/ToonTanks/Content/Weapons/WeaponData/DA_WeaponDefintion.uexp" 1137
"C:/Users/ldgre/Desktop/Game Projects/Toon Tanks/ToonTanks/Content/VFX/P_DeathEffect.uasset" 1138
"C:/Users/ldgre/Desktop/Game Projects/Toon Tanks/ToonTanks/Content/VFX/P_DeathEffect.uexp" 1139
"C:/Users/ldgre/Desktop/Game Projects/Toon Tanks/ToonTanks/Content/Audio/AudioClips/SFX/MovementSounds/Tank_Idle_Sound_1.ubulk" 1140
"C:/Users/ldgre/Desktop/Game Projects/Toon Tanks/ToonTanks/Content/Audio/AudioClips/SFX/MovementSounds/Tank_Idle_Sound_1.uasset" 1141
"C:/Users/ldgre/Desktop/Game Projects/Toon Tanks/ToonTanks/Content/Audio/AudioClips/SFX/MovementSounds/Tank_Idle_Sound_1.uexp" 1142
"C:/Users/ldgre/Desktop/Game Projects/Toon Tanks/ToonTanks/Content/Audio/AudioClips/SFX/MovementSounds/Tank_Moving_Sound_1.ubulk" 1143
"C:/Users/ldgre/Desktop/Game Projects/Toon Tanks/ToonTanks/Content/Audio/AudioClips/SFX/MovementSounds/Tank_Moving_Sound_1.uasset" 1144
"C:/Users/ldgre/Desktop/Game Projects/Toon Tanks/ToonTanks/Content/Audio/AudioClips/SFX/MovementSounds/Tank_Moving_Sound_1.uexp" 1145
"C:/Users/ldgre/Desktop/Game Projects/Toon Tanks/ToonTanks/Content/Player/Pawns/BP_PlayerPawn.uasset" 1146
"C:/Users/ldgre/Desktop/Game Projects/Toon Tanks/ToonTanks/Content/Player/Pawns/BP_PlayerPawn.uexp" 1147
"C:/Users/ldgre/Desktop/Game Projects/Toon Tanks/ToonTanks/Content/AI/Controllers/BP_BaseEnemyController.uasset" 1148
"C:/Users/ldgre/Desktop/Game Projects/Toon Tanks/ToonTanks/Content/AI/Controllers/BP_BaseEnemyController.uexp" 1149
"C:/Users/ldgre/Desktop/Game Projects/Toon Tanks/ToonTanks/Content/AI/BlackBoards/BPBB_BaseEnemyBlackBoard.uasset" 1150
"C:/Users/ldgre/Desktop/Game Projects/Toon Tanks/ToonTanks/Content/AI/BlackBoards/BPBB_BaseEnemyBlackBoard.uexp" 1151
"C:/Users/ldgre/Desktop/Game Projects/Toon Tanks/ToonTanks/Content/AI/BlackBoards/BPBB_TankeEnemy1.uasset" 1152
"C:/Users/ldgre/Desktop/Game Projects/Toon Tanks/ToonTanks/Content/AI/BlackBoards/BPBB_TankeEnemy1.uexp" 1153
"C:/Users/ldgre/Desktop/Game Projects/Toon Tanks/ToonTanks/Content/AI/BTTasks/BaseClassTasks/BPBTTask_EnemyAIPatrolAlongPath.uasset" 1154
"C:/Users/ldgre/Desktop/Game Projects/Toon Tanks/ToonTanks/Content/AI/BTTasks/BaseClassTasks/BPBTTask_EnemyAIPatrolAlongPath.uexp" 1155
"C:/Users/ldgre/Desktop/Game Projects/Toon Tanks/ToonTanks/Content/AI/BehaviorTrees/BPBT_BaseTank.uasset" 1156
"C:/Users/ldgre/Desktop/Game Projects/Toon Tanks/ToonTanks/Content/AI/BehaviorTrees/BPBT_BaseTank.uexp" 1157
"C:/Users/ldgre/Desktop/Game Projects/Toon Tanks/ToonTanks/Content/AI/Controllers/TankEnemyControllers/BP_BaseTankController.uasset" 1158
"C:/Users/ldgre/Desktop/Game Projects/Toon Tanks/ToonTanks/Content/AI/Controllers/TankEnemyControllers/BP_BaseTankController.uexp" 1159
"C:/Users/ldgre/Desktop/Game Projects/Toon Tanks/ToonTanks/Content/Art/Materials/EnemyTankRed.uasset" 1160
"C:/Users/ldgre/Desktop/Game Projects/Toon Tanks/ToonTanks/Content/Art/Materials/EnemyTankRed.uexp" 1161
"C:/Users/ldgre/Desktop/Game Projects/Toon Tanks/ToonTanks/Content/Art/Meshes/SM_TowerTurret.uasset" 1162
"C:/Users/ldgre/Desktop/Game Projects/Toon Tanks/ToonTanks/Content/Art/Meshes/SM_TowerTurret.uexp" 1163
"C:/Users/ldgre/Desktop/Game Projects/Toon Tanks/ToonTanks/Content/AI/Pawns/TankEnemies/BP_BaseTank.uasset" 1164
"C:/Users/ldgre/Desktop/Game Projects/Toon Tanks/ToonTanks/Content/AI/Pawns/TankEnemies/BP_BaseTank.uexp" 1165
"C:/Users/ldgre/Desktop/Game Projects/Toon Tanks/ToonTanks/Content/AI/Pawns/TankEnemies/TankEnemySIngleShot/BP_BaseTankSingleShot.uasset" 1166
"C:/Users/ldgre/Desktop/Game Projects/Toon Tanks/ToonTanks/Content/AI/Pawns/TankEnemies/TankEnemySIngleShot/BP_BaseTankSingleShot.uexp" 1167
"C:/Users/ldgre/Desktop/Game Projects/Toon Tanks/ToonTanks/Content/Fab/Platformer_8_Underworld/Meshes/SM_hieroglyph_002.uasset" 1168
"C:/Users/ldgre/Desktop/Game Projects/Toon Tanks/ToonTanks/Content/Fab/Platformer_8_Underworld/Meshes/SM_hieroglyph_002.uexp" 1169
"C:/Users/ldgre/Desktop/Game Projects/Toon Tanks/ToonTanks/Content/UI/TextRenderer/NewTextureRenderTarget2D.uasset" 1170
"C:/Users/ldgre/Desktop/Game Projects/Toon Tanks/ToonTanks/Content/UI/TextRenderer/NewTextureRenderTarget2D.uexp" 1171
"C:/Users/ldgre/Desktop/Game Projects/Toon Tanks/ToonTanks/Content/UI/TextRenderer/NewBlueprint.uasset" 1172
"C:/Users/ldgre/Desktop/Game Projects/Toon Tanks/ToonTanks/Content/UI/TextRenderer/NewBlueprint.uexp" 1173
"C:/Users/ldgre/Desktop/Game Projects/Toon Tanks/ToonTanks/Content/Fab/Platformer_8_Underworld/Meshes/SM_fire_002.uasset" 1174
"C:/Users/ldgre/Desktop/Game Projects/Toon Tanks/ToonTanks/Content/Fab/Platformer_8_Underworld/Meshes/SM_fire_002.uexp" 1175
"C:/Users/ldgre/Desktop/Game Projects/Toon Tanks/ToonTanks/Content/Fab/Platformer_8_Underworld/Materials/M_Color_smooth.uasset" 1176
"C:/Users/ldgre/Desktop/Game Projects/Toon Tanks/ToonTanks/Content/Fab/Platformer_8_Underworld/Materials/M_Color_smooth.uexp" 1177
"C:/Users/ldgre/Desktop/Game Projects/Toon Tanks/ToonTanks/Content/Fab/Platformer_8_Underworld/Meshes/SM_vase_002.uasset" 1178
"C:/Users/ldgre/Desktop/Game Projects/Toon Tanks/ToonTanks/Content/Fab/Platformer_8_Underworld/Meshes/SM_vase_002.uexp" 1179
"C:/Users/ldgre/Desktop/Game Projects/Toon Tanks/ToonTanks/Content/Environment/StaticObjects/Vase2.uasset" 1180
"C:/Users/ldgre/Desktop/Game Projects/Toon Tanks/ToonTanks/Content/Environment/StaticObjects/Vase2.uexp" 1181
"C:/Users/ldgre/Desktop/Game Projects/Toon Tanks/ToonTanks/Content/Levels/DemoLevels/_GENERATED/ldgre/Box_2970C561.ubulk" 1182
"C:/Users/ldgre/Desktop/Game Projects/Toon Tanks/ToonTanks/Content/Levels/DemoLevels/_GENERATED/ldgre/Box_2970C561.uasset" 1183
"C:/Users/ldgre/Desktop/Game Projects/Toon Tanks/ToonTanks/Content/Levels/DemoLevels/_GENERATED/ldgre/Box_2970C561.uexp" 1184
"C:/Users/ldgre/Desktop/Game Projects/Toon Tanks/ToonTanks/Content/Fab/Platformer_8_Underworld/Meshes/SM_obstacle_6_001.uasset" 1185
"C:/Users/ldgre/Desktop/Game Projects/Toon Tanks/ToonTanks/Content/Fab/Platformer_8_Underworld/Meshes/SM_obstacle_6_001.uexp" 1186
"C:/Users/ldgre/Desktop/Game Projects/Toon Tanks/ToonTanks/Content/Fab/Platformer_8_Underworld/Meshes/SM_vase_001.uasset" 1187
"C:/Users/ldgre/Desktop/Game Projects/Toon Tanks/ToonTanks/Content/Fab/Platformer_8_Underworld/Meshes/SM_vase_001.uexp" 1188
"C:/Users/ldgre/Desktop/Game Projects/Toon Tanks/ToonTanks/Content/Audio/AudioClips/SFX/Teleport_Sound_Effect.ubulk" 1189
"C:/Users/ldgre/Desktop/Game Projects/Toon Tanks/ToonTanks/Content/Audio/AudioClips/SFX/Teleport_Sound_Effect.uasset" 1190
"C:/Users/ldgre/Desktop/Game Projects/Toon Tanks/ToonTanks/Content/Audio/AudioClips/SFX/Teleport_Sound_Effect.uexp" 1191
"C:/Users/ldgre/Desktop/Game Projects/Toon Tanks/ToonTanks/Content/Environment/Teleporter/BP_BaseTeleporter.uasset" 1192
"C:/Users/ldgre/Desktop/Game Projects/Toon Tanks/ToonTanks/Content/Environment/Teleporter/BP_BaseTeleporter.uexp" 1193
"../../../Engine/Plugins/FX/Niagara/Content/DefaultAssets/DefaultSpriteMaterial.uasset" 1194
"../../../Engine/Plugins/FX/Niagara/Content/DefaultAssets/DefaultSpriteMaterial.uexp" 1195
"C:/Users/ldgre/Desktop/Game Projects/Toon Tanks/ToonTanks/Content/Fab/MuzzleFlash/MuzzleFlash/Textures/T_Fire_Distortion.ubulk" 1196
"C:/Users/ldgre/Desktop/Game Projects/Toon Tanks/ToonTanks/Content/Fab/MuzzleFlash/MuzzleFlash/Textures/T_Fire_Distortion.uasset" 1197
"C:/Users/ldgre/Desktop/Game Projects/Toon Tanks/ToonTanks/Content/Fab/MuzzleFlash/MuzzleFlash/Textures/T_Fire_Distortion.uexp" 1198
"C:/Users/ldgre/Desktop/Game Projects/Toon Tanks/ToonTanks/Content/Fab/MuzzleFlash/MuzzleFlash/Textures/T_Flash.ubulk" 1199
"C:/Users/ldgre/Desktop/Game Projects/Toon Tanks/ToonTanks/Content/Fab/MuzzleFlash/MuzzleFlash/Textures/T_Flash.uasset" 1200
"C:/Users/ldgre/Desktop/Game Projects/Toon Tanks/ToonTanks/Content/Fab/MuzzleFlash/MuzzleFlash/Textures/T_Flash.uexp" 1201
"C:/Users/ldgre/Desktop/Game Projects/Toon Tanks/ToonTanks/Content/Fab/MuzzleFlash/MuzzleFlash/Materials/M_Flash.uasset" 1202
"C:/Users/ldgre/Desktop/Game Projects/Toon Tanks/ToonTanks/Content/Fab/MuzzleFlash/MuzzleFlash/Materials/M_Flash.uexp" 1203
"C:/Users/ldgre/Desktop/Game Projects/Toon Tanks/ToonTanks/Content/Fab/MuzzleFlash/MuzzleFlash/Textures/T_Explosion_SubUV.ubulk" 1204
"C:/Users/ldgre/Desktop/Game Projects/Toon Tanks/ToonTanks/Content/Fab/MuzzleFlash/MuzzleFlash/Textures/T_Explosion_SubUV.uasset" 1205
"C:/Users/ldgre/Desktop/Game Projects/Toon Tanks/ToonTanks/Content/Fab/MuzzleFlash/MuzzleFlash/Textures/T_Explosion_SubUV.uexp" 1206
"C:/Users/ldgre/Desktop/Game Projects/Toon Tanks/ToonTanks/Content/Fab/MuzzleFlash/MuzzleFlash/Textures/T_Fire_SubUV.ubulk" 1207
"C:/Users/ldgre/Desktop/Game Projects/Toon Tanks/ToonTanks/Content/Fab/MuzzleFlash/MuzzleFlash/Textures/T_Fire_SubUV.uasset" 1208
"C:/Users/ldgre/Desktop/Game Projects/Toon Tanks/ToonTanks/Content/Fab/MuzzleFlash/MuzzleFlash/Textures/T_Fire_SubUV.uexp" 1209
"C:/Users/ldgre/Desktop/Game Projects/Toon Tanks/ToonTanks/Content/Fab/MuzzleFlash/MuzzleFlash/Materials/M_Fire.uasset" 1210
"C:/Users/ldgre/Desktop/Game Projects/Toon Tanks/ToonTanks/Content/Fab/MuzzleFlash/MuzzleFlash/Materials/M_Fire.uexp" 1211
"C:/Users/ldgre/Desktop/Game Projects/Toon Tanks/ToonTanks/Content/Fab/MuzzleFlash/MuzzleFlash/Materials/MI_Explosion.uasset" 1212
"C:/Users/ldgre/Desktop/Game Projects/Toon Tanks/ToonTanks/Content/Fab/MuzzleFlash/MuzzleFlash/Materials/MI_Explosion.uexp" 1213
"C:/Users/ldgre/Desktop/Game Projects/Toon Tanks/ToonTanks/Content/Fab/MuzzleFlash/MuzzleFlash/Niagara/NS_MuzzleFlash.uasset" 1214
"C:/Users/ldgre/Desktop/Game Projects/Toon Tanks/ToonTanks/Content/Fab/MuzzleFlash/MuzzleFlash/Niagara/NS_MuzzleFlash.uexp" 1215
"C:/Users/ldgre/Desktop/Game Projects/Toon Tanks/ToonTanks/Content/UI/Images/SniperRifleUIImage.uasset" 1216
"C:/Users/ldgre/Desktop/Game Projects/Toon Tanks/ToonTanks/Content/UI/Images/SniperRifleUIImage.uexp" 1217
"C:/Users/ldgre/Desktop/Game Projects/Toon Tanks/ToonTanks/Content/Audio/AudioClips/SFX/ShootSounds/Sniper_Rifle_Shot_Sound_Effect.ubulk" 1218
"C:/Users/ldgre/Desktop/Game Projects/Toon Tanks/ToonTanks/Content/Audio/AudioClips/SFX/ShootSounds/Sniper_Rifle_Shot_Sound_Effect.uasset" 1219
"C:/Users/ldgre/Desktop/Game Projects/Toon Tanks/ToonTanks/Content/Audio/AudioClips/SFX/ShootSounds/Sniper_Rifle_Shot_Sound_Effect.uexp" 1220
"C:/Users/ldgre/Desktop/Game Projects/Toon Tanks/ToonTanks/Content/Weapons/WeaponData/DA_SniperRifle.uasset" 1221
"C:/Users/ldgre/Desktop/Game Projects/Toon Tanks/ToonTanks/Content/Weapons/WeaponData/DA_SniperRifle.uexp" 1222
"../../../Engine/Content/Functions/Engine_MaterialFunctions01/Shading/ConvertFromDiffSpec.uasset" 1223
"../../../Engine/Content/Functions/Engine_MaterialFunctions01/Shading/ConvertFromDiffSpec.uexp" 1224
"../../../Engine/Plugins/Interchange/Assets/Content/Materials/MapOrScalarFunction.uasset" 1225
"../../../Engine/Plugins/Interchange/Assets/Content/Materials/MapOrScalarFunction.uexp" 1226
"../../../Engine/Plugins/Interchange/Assets/Content/Materials/MapOrLinearColorFunction.uasset" 1227
"../../../Engine/Plugins/Interchange/Assets/Content/Materials/MapOrLinearColorFunction.uexp" 1228
"../../../Engine/Content/EngineMaterials/DefaultNormal.ubulk" 1229
"../../../Engine/Content/EngineMaterials/DefaultNormal.uasset" 1230
"../../../Engine/Content/EngineMaterials/DefaultNormal.uexp" 1231
"../../../Engine/Content/EngineResources/DefaultTexture.ubulk" 1232
"../../../Engine/Content/EngineResources/DefaultTexture.uasset" 1233
"../../../Engine/Content/EngineResources/DefaultTexture.uexp" 1234
"../../../Engine/Plugins/Interchange/Assets/Content/Materials/MapOrColorFunction.uasset" 1235
"../../../Engine/Plugins/Interchange/Assets/Content/Materials/MapOrColorFunction.uexp" 1236
"../../../Engine/Plugins/Interchange/Assets/Content/Materials/PhongSurfaceMaterial.uasset" 1237
"../../../Engine/Plugins/Interchange/Assets/Content/Materials/PhongSurfaceMaterial.uexp" 1238
"C:/Users/ldgre/Desktop/Game Projects/Toon Tanks/ToonTanks/Content/Fab/Barrett_M82/second.uasset" 1239
"C:/Users/ldgre/Desktop/Game Projects/Toon Tanks/ToonTanks/Content/Fab/Barrett_M82/second.uexp" 1240
"C:/Users/ldgre/Desktop/Game Projects/Toon Tanks/ToonTanks/Content/Fab/Barrett_M82/base.uasset" 1241
"C:/Users/ldgre/Desktop/Game Projects/Toon Tanks/ToonTanks/Content/Fab/Barrett_M82/base.uexp" 1242
"C:/Users/ldgre/Desktop/Game Projects/Toon Tanks/ToonTanks/Content/Fab/Barrett_M82/SM_SniperRifle.uasset" 1243
"C:/Users/ldgre/Desktop/Game Projects/Toon Tanks/ToonTanks/Content/Fab/Barrett_M82/SM_SniperRifle.uexp" 1244
"../../../Engine/Plugins/Interchange/Assets/Content/Materials/CommonMaterial.uasset" 1245
"../../../Engine/Plugins/Interchange/Assets/Content/Materials/CommonMaterial.uexp" 1246
"../../../Engine/Plugins/Interchange/Assets/Content/Materials/LambertSurfaceMaterial.uasset" 1247
"../../../Engine/Plugins/Interchange/Assets/Content/Materials/LambertSurfaceMaterial.uexp" 1248
"C:/Users/ldgre/Desktop/Game Projects/Toon Tanks/ToonTanks/Content/Fab/Free_Gun_Packs/Props_Gun_M.uasset" 1249
"C:/Users/ldgre/Desktop/Game Projects/Toon Tanks/ToonTanks/Content/Fab/Free_Gun_Packs/Props_Gun_M.uexp" 1250
"C:/Users/ldgre/Desktop/Game Projects/Toon Tanks/ToonTanks/Content/Environment/Interactables/Pickups/WeaponPickups/BP_SniperRiflePickup.uasset" 1251
"C:/Users/ldgre/Desktop/Game Projects/Toon Tanks/ToonTanks/Content/Environment/Interactables/Pickups/WeaponPickups/BP_SniperRiflePickup.uexp" 1252
"C:/Users/ldgre/Desktop/Game Projects/Toon Tanks/ToonTanks/Content/Fab/Platformer_8_Underworld/Meshes/SM_pillar_013.uasset" 1253
"C:/Users/ldgre/Desktop/Game Projects/Toon Tanks/ToonTanks/Content/Fab/Platformer_8_Underworld/Meshes/SM_pillar_013.uexp" 1254
"C:/Users/ldgre/Desktop/Game Projects/Toon Tanks/ToonTanks/Content/Fab/Platformer_8_Underworld/Materials/M_Gem.uasset" 1255
"C:/Users/ldgre/Desktop/Game Projects/Toon Tanks/ToonTanks/Content/Fab/Platformer_8_Underworld/Materials/M_Gem.uexp" 1256
"C:/Users/ldgre/Desktop/Game Projects/Toon Tanks/ToonTanks/Content/Fab/Platformer_8_Underworld/Meshes/SM_obstacle_1_002.uasset" 1257
"C:/Users/ldgre/Desktop/Game Projects/Toon Tanks/ToonTanks/Content/Fab/Platformer_8_Underworld/Meshes/SM_obstacle_1_002.uexp" 1258
"C:/Users/ldgre/Desktop/Game Projects/Toon Tanks/ToonTanks/Content/Fab/Platformer_8_Underworld/Meshes/SM_stairs_001.uasset" 1259
"C:/Users/ldgre/Desktop/Game Projects/Toon Tanks/ToonTanks/Content/Fab/Platformer_8_Underworld/Meshes/SM_stairs_001.uexp" 1260
"C:/Users/ldgre/Desktop/Game Projects/Toon Tanks/ToonTanks/Content/Fab/Platformer_8_Underworld/Meshes/SM_obstacle_2_002.uasset" 1261
"C:/Users/ldgre/Desktop/Game Projects/Toon Tanks/ToonTanks/Content/Fab/Platformer_8_Underworld/Meshes/SM_obstacle_2_002.uexp" 1262
"C:/Users/ldgre/Desktop/Game Projects/Toon Tanks/ToonTanks/Content/Fab/Platformer_8_Underworld/Meshes/SM_statue_knight_001.uasset" 1263
"C:/Users/ldgre/Desktop/Game Projects/Toon Tanks/ToonTanks/Content/Fab/Platformer_8_Underworld/Meshes/SM_statue_knight_001.uexp" 1264
"C:/Users/ldgre/Desktop/Game Projects/Toon Tanks/ToonTanks/Content/Fab/Platformer_8_Underworld/Meshes/SM_chest_001.uasset" 1265
"C:/Users/ldgre/Desktop/Game Projects/Toon Tanks/ToonTanks/Content/Fab/Platformer_8_Underworld/Meshes/SM_chest_001.uexp" 1266
"C:/Users/ldgre/Desktop/Game Projects/Toon Tanks/ToonTanks/Content/Fab/Platformer_8_Underworld/Meshes/SM_column_001.uasset" 1267
"C:/Users/ldgre/Desktop/Game Projects/Toon Tanks/ToonTanks/Content/Fab/Platformer_8_Underworld/Meshes/SM_column_001.uexp" 1268
"C:/Users/ldgre/Desktop/Game Projects/Toon Tanks/ToonTanks/Content/Environment/StaticObjects/Column.uasset" 1269
"C:/Users/ldgre/Desktop/Game Projects/Toon Tanks/ToonTanks/Content/Environment/StaticObjects/Column.uexp" 1270
"../../../Engine/Content/Functions/Engine_MaterialFunctions01/Density/ExponentialDensity.uasset" 1271
"../../../Engine/Content/Functions/Engine_MaterialFunctions01/Density/ExponentialDensity.uexp" 1272
"../../../Engine/Content/Functions/Engine_MaterialFunctions01/Gradient/RadialGradient.uasset" 1273
"../../../Engine/Content/Functions/Engine_MaterialFunctions01/Gradient/RadialGradient.uexp" 1274
"../../../Engine/Content/Functions/Engine_MaterialFunctions01/Gradient/RadialGradientExponential.uasset" 1275
"../../../Engine/Content/Functions/Engine_MaterialFunctions01/Gradient/RadialGradientExponential.uexp" 1276
"../../../Engine/Content/Functions/Engine_MaterialFunctions02/HueShift.uasset" 1277
"../../../Engine/Content/Functions/Engine_MaterialFunctions02/HueShift.uexp" 1278
"C:/Users/ldgre/Desktop/Game Projects/Toon Tanks/ToonTanks/Content/Fab/PortalSystem/Materials/M_Ramp.uasset" 1279
"C:/Users/ldgre/Desktop/Game Projects/Toon Tanks/ToonTanks/Content/Fab/PortalSystem/Materials/M_Ramp.uexp" 1280
"../../../Engine/Plugins/FX/Niagara/Content/VectorFields/Assets/TilingCurl32.uasset" 1281
"../../../Engine/Plugins/FX/Niagara/Content/VectorFields/Assets/TilingCurl32.uexp" 1282
"C:/Users/ldgre/Desktop/Game Projects/Toon Tanks/ToonTanks/Content/Fab/PortalSystem/Textures/T_Paper.ubulk" 1283
"C:/Users/ldgre/Desktop/Game Projects/Toon Tanks/ToonTanks/Content/Fab/PortalSystem/Textures/T_Paper.uasset" 1284
"C:/Users/ldgre/Desktop/Game Projects/Toon Tanks/ToonTanks/Content/Fab/PortalSystem/Textures/T_Paper.uexp" 1285
"C:/Users/ldgre/Desktop/Game Projects/Toon Tanks/ToonTanks/Content/Fab/PortalSystem/Materials/M_Dust_01.uasset" 1286
"C:/Users/ldgre/Desktop/Game Projects/Toon Tanks/ToonTanks/Content/Fab/PortalSystem/Materials/M_Dust_01.uexp" 1287
"C:/Users/ldgre/Desktop/Game Projects/Toon Tanks/ToonTanks/Content/Fab/PortalSystem/Textures/T_Smoke_01.ubulk" 1288
"C:/Users/ldgre/Desktop/Game Projects/Toon Tanks/ToonTanks/Content/Fab/PortalSystem/Textures/T_Smoke_01.uasset" 1289
"C:/Users/ldgre/Desktop/Game Projects/Toon Tanks/ToonTanks/Content/Fab/PortalSystem/Textures/T_Smoke_01.uexp" 1290
"C:/Users/ldgre/Desktop/Game Projects/Toon Tanks/ToonTanks/Content/Fab/PortalSystem/Materials/M_Smoke_02.uasset" 1291
"C:/Users/ldgre/Desktop/Game Projects/Toon Tanks/ToonTanks/Content/Fab/PortalSystem/Materials/M_Smoke_02.uexp" 1292
"C:/Users/ldgre/Desktop/Game Projects/Toon Tanks/ToonTanks/Content/Fab/PortalSystem/Textures/T_Rocks.ubulk" 1293
"C:/Users/ldgre/Desktop/Game Projects/Toon Tanks/ToonTanks/Content/Fab/PortalSystem/Textures/T_Rocks.uasset" 1294
"C:/Users/ldgre/Desktop/Game Projects/Toon Tanks/ToonTanks/Content/Fab/PortalSystem/Textures/T_Rocks.uexp" 1295
"C:/Users/ldgre/Desktop/Game Projects/Toon Tanks/ToonTanks/Content/Fab/PortalSystem/Textures/T_RocksNormal.uasset" 1296
"C:/Users/ldgre/Desktop/Game Projects/Toon Tanks/ToonTanks/Content/Fab/PortalSystem/Textures/T_RocksNormal.uexp" 1297
"C:/Users/ldgre/Desktop/Game Projects/Toon Tanks/ToonTanks/Content/Fab/PortalSystem/Materials/M_Dust_02.uasset" 1298
"C:/Users/ldgre/Desktop/Game Projects/Toon Tanks/ToonTanks/Content/Fab/PortalSystem/Materials/M_Dust_02.uexp" 1299
"C:/Users/ldgre/Desktop/Game Projects/Toon Tanks/ToonTanks/Content/Fab/PortalSystem/FX/NS_Portal_02.uasset" 1300
"C:/Users/ldgre/Desktop/Game Projects/Toon Tanks/ToonTanks/Content/Fab/PortalSystem/FX/NS_Portal_02.uexp" 1301
"C:/Users/ldgre/Desktop/Game Projects/Toon Tanks/ToonTanks/Content/Environment/Teleporter/BP_BlueTeleporter.uasset" 1302
"C:/Users/ldgre/Desktop/Game Projects/Toon Tanks/ToonTanks/Content/Environment/Teleporter/BP_BlueTeleporter.uexp" 1303
"C:/Users/ldgre/Desktop/Game Projects/Toon Tanks/ToonTanks/Content/Fab/Platformer_8_Underworld/Meshes/SM_fence_001.uasset" 1304
"C:/Users/ldgre/Desktop/Game Projects/Toon Tanks/ToonTanks/Content/Fab/Platformer_8_Underworld/Meshes/SM_fence_001.uexp" 1305
"C:/Users/ldgre/Desktop/Game Projects/Toon Tanks/ToonTanks/Content/Fab/Platformer_8_Underworld/Meshes/SM_statue_warlock_001.uasset" 1306
"C:/Users/ldgre/Desktop/Game Projects/Toon Tanks/ToonTanks/Content/Fab/Platformer_8_Underworld/Meshes/SM_statue_warlock_001.uexp" 1307
"C:/Users/ldgre/Desktop/Game Projects/Toon Tanks/ToonTanks/Content/Fab/Platformer_8_Underworld/Meshes/SM_door_001.uasset" 1308
"C:/Users/ldgre/Desktop/Game Projects/Toon Tanks/ToonTanks/Content/Fab/Platformer_8_Underworld/Meshes/SM_door_001.uexp" 1309
"C:/Users/ldgre/Desktop/Game Projects/Toon Tanks/ToonTanks/Content/Fab/Platformer_8_Underworld/Meshes/SM_pillar_010.uasset" 1310
"C:/Users/ldgre/Desktop/Game Projects/Toon Tanks/ToonTanks/Content/Fab/Platformer_8_Underworld/Meshes/SM_pillar_010.uexp" 1311
"C:/Users/ldgre/Desktop/Game Projects/Toon Tanks/ToonTanks/Content/Fab/Platformer_8_Underworld/Meshes/SM_pillar_003.uasset" 1312
"C:/Users/ldgre/Desktop/Game Projects/Toon Tanks/ToonTanks/Content/Fab/Platformer_8_Underworld/Meshes/SM_pillar_003.uexp" 1313
"C:/Users/ldgre/Desktop/Game Projects/Toon Tanks/ToonTanks/Content/Environment/RotatingHazards/BP_BaseRotatingHazard.uasset" 1314
"C:/Users/ldgre/Desktop/Game Projects/Toon Tanks/ToonTanks/Content/Environment/RotatingHazards/BP_BaseRotatingHazard.uexp" 1315
"C:/Users/ldgre/Desktop/Game Projects/Toon Tanks/ToonTanks/Content/Fab/Platformer_8_Underworld/Meshes/SM_fire_001.uasset" 1316
"C:/Users/ldgre/Desktop/Game Projects/Toon Tanks/ToonTanks/Content/Fab/Platformer_8_Underworld/Meshes/SM_fire_001.uexp" 1317
"C:/Users/ldgre/Desktop/Game Projects/Toon Tanks/ToonTanks/Content/Environment/Interactables/Pickups/WeaponPickups/BP_SingleShotPickUp.uasset" 1318
"C:/Users/ldgre/Desktop/Game Projects/Toon Tanks/ToonTanks/Content/Environment/Interactables/Pickups/WeaponPickups/BP_SingleShotPickUp.uexp" 1319
"C:/Users/ldgre/Desktop/Game Projects/Toon Tanks/ToonTanks/Content/Fab/Platformer_8_Underworld/Meshes/SM_star_002.uasset" 1320
"C:/Users/ldgre/Desktop/Game Projects/Toon Tanks/ToonTanks/Content/Fab/Platformer_8_Underworld/Meshes/SM_star_002.uexp" 1321
"C:/Users/ldgre/Desktop/Game Projects/Toon Tanks/ToonTanks/Content/Fab/Platformer_8_Underworld/Meshes/SM_obstacle_8_001.uasset" 1322
"C:/Users/ldgre/Desktop/Game Projects/Toon Tanks/ToonTanks/Content/Fab/Platformer_8_Underworld/Meshes/SM_obstacle_8_001.uexp" 1323
"../../../Engine/Content/EngineSky/C_Sky_Horizon_Color.uasset" 1324
"../../../Engine/Content/EngineSky/C_Sky_Horizon_Color.uexp" 1325
"../../../Engine/Content/EngineSky/T_Sky_Stars.ubulk" 1326
"../../../Engine/Content/EngineSky/T_Sky_Stars.uasset" 1327
"../../../Engine/Content/EngineSky/T_Sky_Stars.uexp" 1328
"../../../Engine/Content/EngineSky/T_Sky_Clouds_M.ubulk" 1329
"../../../Engine/Content/EngineSky/T_Sky_Clouds_M.uasset" 1330
"../../../Engine/Content/EngineSky/T_Sky_Clouds_M.uexp" 1331
"../../../Engine/Content/EngineSky/T_Sky_Blue.ubulk" 1332
"../../../Engine/Content/EngineSky/T_Sky_Blue.uasset" 1333
"../../../Engine/Content/EngineSky/T_Sky_Blue.uexp" 1334
"../../../Engine/Content/EngineSky/M_Sky_Panning_Clouds2.uasset" 1335
"../../../Engine/Content/EngineSky/M_Sky_Panning_Clouds2.uexp" 1336
"../../../Engine/Content/EngineSky/SM_SkySphere.uasset" 1337
"../../../Engine/Content/EngineSky/SM_SkySphere.uexp" 1338
"../../../Engine/Content/EngineSky/C_Sky_Cloud_Color.uasset" 1339
"../../../Engine/Content/EngineSky/C_Sky_Cloud_Color.uexp" 1340
"../../../Engine/Content/EngineSky/C_Sky_Zenith_Color.uasset" 1341
"../../../Engine/Content/EngineSky/C_Sky_Zenith_Color.uexp" 1342
"../../../Engine/Content/EngineSky/BP_Sky_Sphere.uasset" 1343
"../../../Engine/Content/EngineSky/BP_Sky_Sphere.uexp" 1344
"C:/Users/ldgre/Desktop/Game Projects/Toon Tanks/ToonTanks/Content/Fab/Platformer_8_Underworld/Meshes/SM_pillar_012.uasset" 1345
"C:/Users/ldgre/Desktop/Game Projects/Toon Tanks/ToonTanks/Content/Fab/Platformer_8_Underworld/Meshes/SM_pillar_012.uexp" 1346
"C:/Users/ldgre/Desktop/Game Projects/Toon Tanks/ToonTanks/Content/Audio/AudioClips/SFX/SW_PickUpKeySound.ubulk" 1347
"C:/Users/ldgre/Desktop/Game Projects/Toon Tanks/ToonTanks/Content/Audio/AudioClips/SFX/SW_PickUpKeySound.uasset" 1348
"C:/Users/ldgre/Desktop/Game Projects/Toon Tanks/ToonTanks/Content/Audio/AudioClips/SFX/SW_PickUpKeySound.uexp" 1349
"C:/Users/ldgre/Desktop/Game Projects/Toon Tanks/ToonTanks/Content/Physics/MassiveFriction.uasset" 1350
"C:/Users/ldgre/Desktop/Game Projects/Toon Tanks/ToonTanks/Content/Physics/MassiveFriction.uexp" 1351
"C:/Users/ldgre/Desktop/Game Projects/Toon Tanks/ToonTanks/Content/Environment/Interactables/Pickups/KeyPickups/BP_BaseKeyPickUp.uasset" 1352
"C:/Users/ldgre/Desktop/Game Projects/Toon Tanks/ToonTanks/Content/Environment/Interactables/Pickups/KeyPickups/BP_BaseKeyPickUp.uexp" 1353
"C:/Users/ldgre/Desktop/Game Projects/Toon Tanks/ToonTanks/Content/Audio/AudioClips/SFX/Chest_Open_Sound_Effect.ubulk" 1354
"C:/Users/ldgre/Desktop/Game Projects/Toon Tanks/ToonTanks/Content/Audio/AudioClips/SFX/Chest_Open_Sound_Effect.uasset" 1355
"C:/Users/ldgre/Desktop/Game Projects/Toon Tanks/ToonTanks/Content/Audio/AudioClips/SFX/Chest_Open_Sound_Effect.uexp" 1356
"C:/Users/ldgre/Desktop/Game Projects/Toon Tanks/ToonTanks/Content/Fab/Platformer_8_Underworld/Meshes/SM_chest_gold_001.uasset" 1357
"C:/Users/ldgre/Desktop/Game Projects/Toon Tanks/ToonTanks/Content/Fab/Platformer_8_Underworld/Meshes/SM_chest_gold_001.uexp" 1358
"C:/Users/ldgre/Desktop/Game Projects/Toon Tanks/ToonTanks/Content/Environment/Interactables/Pickups/KeyPickups/KeyPickUp1.uasset" 1359
"C:/Users/ldgre/Desktop/Game Projects/Toon Tanks/ToonTanks/Content/Environment/Interactables/Pickups/KeyPickups/KeyPickUp1.uexp" 1360
"C:/Users/ldgre/Desktop/Game Projects/Toon Tanks/ToonTanks/Content/Audio/SoundAttenuators/SA_Chest.uasset" 1361
"C:/Users/ldgre/Desktop/Game Projects/Toon Tanks/ToonTanks/Content/Audio/SoundAttenuators/SA_Chest.uexp" 1362
"C:/Users/ldgre/Desktop/Game Projects/Toon Tanks/ToonTanks/Content/Audio/AudioClips/SFX/Near_Chest_Sound_Effect.ubulk" 1363
"C:/Users/ldgre/Desktop/Game Projects/Toon Tanks/ToonTanks/Content/Audio/AudioClips/SFX/Near_Chest_Sound_Effect.uasset" 1364
"C:/Users/ldgre/Desktop/Game Projects/Toon Tanks/ToonTanks/Content/Audio/AudioClips/SFX/Near_Chest_Sound_Effect.uexp" 1365
"C:/Users/ldgre/Desktop/Game Projects/Toon Tanks/ToonTanks/Content/Fab/Platformer_8_Underworld/Meshes/SM_chest_lid_001.uasset" 1366
"C:/Users/ldgre/Desktop/Game Projects/Toon Tanks/ToonTanks/Content/Fab/Platformer_8_Underworld/Meshes/SM_chest_lid_001.uexp" 1367
"C:/Users/ldgre/Desktop/Game Projects/Toon Tanks/ToonTanks/Content/Environment/Interactables/Chests/BP_BaseKeyChest.uasset" 1368
"C:/Users/ldgre/Desktop/Game Projects/Toon Tanks/ToonTanks/Content/Environment/Interactables/Chests/BP_BaseKeyChest.uexp" 1369
"C:/Users/ldgre/Desktop/Game Projects/Toon Tanks/ToonTanks/Content/Environment/Interactables/Chests/BP_Key1Chest.uasset" 1370
"C:/Users/ldgre/Desktop/Game Projects/Toon Tanks/ToonTanks/Content/Environment/Interactables/Chests/BP_Key1Chest.uexp" 1371
"C:/Users/ldgre/Desktop/Game Projects/Toon Tanks/ToonTanks/Content/Fab/Platformer_8_Underworld/Meshes/SM_obstacle_11_001.uasset" 1372
"C:/Users/ldgre/Desktop/Game Projects/Toon Tanks/ToonTanks/Content/Fab/Platformer_8_Underworld/Meshes/SM_obstacle_11_001.uexp" 1373
"C:/Users/ldgre/Desktop/Game Projects/Toon Tanks/ToonTanks/Content/Fab/Platformer_8_Underworld/Meshes/SM_pillar_007.uasset" 1374
"C:/Users/ldgre/Desktop/Game Projects/Toon Tanks/ToonTanks/Content/Fab/Platformer_8_Underworld/Meshes/SM_pillar_007.uexp" 1375
"C:/Users/ldgre/Desktop/Game Projects/Toon Tanks/ToonTanks/Content/Fab/Platformer_8_Underworld/Meshes/SM_wall_002.uasset" 1376
"C:/Users/ldgre/Desktop/Game Projects/Toon Tanks/ToonTanks/Content/Fab/Platformer_8_Underworld/Meshes/SM_wall_002.uexp" 1377
"C:/Users/ldgre/Desktop/Game Projects/Toon Tanks/ToonTanks/Content/Fab/Platformer_8_Underworld/Meshes/SM_fence_004.uasset" 1378
"C:/Users/ldgre/Desktop/Game Projects/Toon Tanks/ToonTanks/Content/Fab/Platformer_8_Underworld/Meshes/SM_fence_004.uexp" 1379
"C:/Users/ldgre/Desktop/Game Projects/Toon Tanks/ToonTanks/Content/AI/BlackBoards/BPBB_SingleShotTurret.uasset" 1380
"C:/Users/ldgre/Desktop/Game Projects/Toon Tanks/ToonTanks/Content/AI/BlackBoards/BPBB_SingleShotTurret.uexp" 1381
"C:/Users/ldgre/Desktop/Game Projects/Toon Tanks/ToonTanks/Content/AI/BTTasks/BaseClassTasks/BTTask_CallSingleShotFireFunctions.uasset" 1382
"C:/Users/ldgre/Desktop/Game Projects/Toon Tanks/ToonTanks/Content/AI/BTTasks/BaseClassTasks/BTTask_CallSingleShotFireFunctions.uexp" 1383
"C:/Users/ldgre/Desktop/Game Projects/Toon Tanks/ToonTanks/Content/AI/BTTasks/BaseClassTasks/BPBTTask_EnableAImAtTarget.uasset" 1384
"C:/Users/ldgre/Desktop/Game Projects/Toon Tanks/ToonTanks/Content/AI/BTTasks/BaseClassTasks/BPBTTask_EnableAImAtTarget.uexp" 1385
"C:/Users/ldgre/Desktop/Game Projects/Toon Tanks/ToonTanks/Content/AI/BehaviorTrees/BPBT_SIngleShotTurret.uasset" 1386
"C:/Users/ldgre/Desktop/Game Projects/Toon Tanks/ToonTanks/Content/AI/BehaviorTrees/BPBT_SIngleShotTurret.uexp" 1387
"C:/Users/ldgre/Desktop/Game Projects/Toon Tanks/ToonTanks/Content/AI/Controllers/TurretEnemyControllers/BP_SingleShotTurretController.uasset" 1388
"C:/Users/ldgre/Desktop/Game Projects/Toon Tanks/ToonTanks/Content/AI/Controllers/TurretEnemyControllers/BP_SingleShotTurretController.uexp" 1389
"C:/Users/ldgre/Desktop/Game Projects/Toon Tanks/ToonTanks/Content/Art/Meshes/SM_TowerBase.uasset" 1390
"C:/Users/ldgre/Desktop/Game Projects/Toon Tanks/ToonTanks/Content/Art/Meshes/SM_TowerBase.uexp" 1391
"C:/Users/ldgre/Desktop/Game Projects/Toon Tanks/ToonTanks/Content/AI/Pawns/TurretEnemies/SingleShotTurrets/BP_SingleShotTurret.uasset" 1392
"C:/Users/ldgre/Desktop/Game Projects/Toon Tanks/ToonTanks/Content/AI/Pawns/TurretEnemies/SingleShotTurrets/BP_SingleShotTurret.uexp" 1393
"C:/Users/ldgre/Desktop/Game Projects/Toon Tanks/ToonTanks/Content/Fab/Platformer_8_Underworld/Blueprints/Components/BP_DeformatorBase.uasset" 1394
"C:/Users/ldgre/Desktop/Game Projects/Toon Tanks/ToonTanks/Content/Fab/Platformer_8_Underworld/Blueprints/Components/BP_DeformatorBase.uexp" 1395
"C:/Users/ldgre/Desktop/Game Projects/Toon Tanks/ToonTanks/Content/Fab/Platformer_8_Underworld/Blueprints/Components/BP_Mover_Betwean.uasset" 1396
"C:/Users/ldgre/Desktop/Game Projects/Toon Tanks/ToonTanks/Content/Fab/Platformer_8_Underworld/Blueprints/Components/BP_Mover_Betwean.uexp" 1397
"C:/Users/ldgre/Desktop/Game Projects/Toon Tanks/ToonTanks/Content/Fab/Lyra/Healthpack/Texture/T_HealthPackFull_D.ubulk" 1398
"C:/Users/ldgre/Desktop/Game Projects/Toon Tanks/ToonTanks/Content/Fab/Lyra/Healthpack/Texture/T_HealthPackFull_D.uasset" 1399
"C:/Users/ldgre/Desktop/Game Projects/Toon Tanks/ToonTanks/Content/Fab/Lyra/Healthpack/Texture/T_HealthPackFull_D.uexp" 1400
"C:/Users/ldgre/Desktop/Game Projects/Toon Tanks/ToonTanks/Content/Fab/Lyra/Healthpack/Texture/T_HealthPackFull_AORM.ubulk" 1401
"C:/Users/ldgre/Desktop/Game Projects/Toon Tanks/ToonTanks/Content/Fab/Lyra/Healthpack/Texture/T_HealthPackFull_AORM.uasset" 1402
"C:/Users/ldgre/Desktop/Game Projects/Toon Tanks/ToonTanks/Content/Fab/Lyra/Healthpack/Texture/T_HealthPackFull_AORM.uexp" 1403
"C:/Users/ldgre/Desktop/Game Projects/Toon Tanks/ToonTanks/Content/Fab/Lyra/Healthpack/Texture/T_HealthPackFull_N.ubulk" 1404
"C:/Users/ldgre/Desktop/Game Projects/Toon Tanks/ToonTanks/Content/Fab/Lyra/Healthpack/Texture/T_HealthPackFull_N.uasset" 1405
"C:/Users/ldgre/Desktop/Game Projects/Toon Tanks/ToonTanks/Content/Fab/Lyra/Healthpack/Texture/T_HealthPackFull_N.uexp" 1406
"C:/Users/ldgre/Desktop/Game Projects/Toon Tanks/ToonTanks/Content/Fab/Lyra/Healthpack/Texture/T_HealthPackFull_Mask.ubulk" 1407
"C:/Users/ldgre/Desktop/Game Projects/Toon Tanks/ToonTanks/Content/Fab/Lyra/Healthpack/Texture/T_HealthPackFull_Mask.uasset" 1408
"C:/Users/ldgre/Desktop/Game Projects/Toon Tanks/ToonTanks/Content/Fab/Lyra/Healthpack/Texture/T_HealthPackFull_Mask.uexp" 1409
"C:/Users/ldgre/Desktop/Game Projects/Toon Tanks/ToonTanks/Content/Fab/Lyra/Generic/Textures/T_Weapon_D.uasset" 1410
"C:/Users/ldgre/Desktop/Game Projects/Toon Tanks/ToonTanks/Content/Fab/Lyra/Generic/Textures/T_Weapon_D.uexp" 1411
"C:/Users/ldgre/Desktop/Game Projects/Toon Tanks/ToonTanks/Content/Fab/Lyra/Generic/Textures/T_Weapon_Mask.uasset" 1412
"C:/Users/ldgre/Desktop/Game Projects/Toon Tanks/ToonTanks/Content/Fab/Lyra/Generic/Textures/T_Weapon_Mask.uexp" 1413
"C:/Users/ldgre/Desktop/Game Projects/Toon Tanks/ToonTanks/Content/Fab/Lyra/Generic/Textures/T_Weapon_N.uasset" 1414
"C:/Users/ldgre/Desktop/Game Projects/Toon Tanks/ToonTanks/Content/Fab/Lyra/Generic/Textures/T_Weapon_N.uexp" 1415
"C:/Users/ldgre/Desktop/Game Projects/Toon Tanks/ToonTanks/Content/Fab/Lyra/Generic/Textures/T_Weapon_AORM.uasset" 1416
"C:/Users/ldgre/Desktop/Game Projects/Toon Tanks/ToonTanks/Content/Fab/Lyra/Generic/Textures/T_Weapon_AORM.uexp" 1417
"C:/Users/ldgre/Desktop/Game Projects/Toon Tanks/ToonTanks/Content/Fab/Lyra/Generic/Materials/M_Item.uasset" 1418
"C:/Users/ldgre/Desktop/Game Projects/Toon Tanks/ToonTanks/Content/Fab/Lyra/Generic/Materials/M_Item.uexp" 1419
"C:/Users/ldgre/Desktop/Game Projects/Toon Tanks/ToonTanks/Content/Fab/Lyra/Healthpack/Material/MI_Item_HealthPackFull.uasset" 1420
"C:/Users/ldgre/Desktop/Game Projects/Toon Tanks/ToonTanks/Content/Fab/Lyra/Healthpack/Material/MI_Item_HealthPackFull.uexp" 1421
"C:/Users/ldgre/Desktop/Game Projects/Toon Tanks/ToonTanks/Content/Fab/Lyra/Healthpack/Texture/T_HealthPackPart_D.ubulk" 1422
"C:/Users/ldgre/Desktop/Game Projects/Toon Tanks/ToonTanks/Content/Fab/Lyra/Healthpack/Texture/T_HealthPackPart_D.uasset" 1423
"C:/Users/ldgre/Desktop/Game Projects/Toon Tanks/ToonTanks/Content/Fab/Lyra/Healthpack/Texture/T_HealthPackPart_D.uexp" 1424
"C:/Users/ldgre/Desktop/Game Projects/Toon Tanks/ToonTanks/Content/Fab/Lyra/Healthpack/Texture/T_HealthPackPart_AORM.ubulk" 1425
"C:/Users/ldgre/Desktop/Game Projects/Toon Tanks/ToonTanks/Content/Fab/Lyra/Healthpack/Texture/T_HealthPackPart_AORM.uasset" 1426
"C:/Users/ldgre/Desktop/Game Projects/Toon Tanks/ToonTanks/Content/Fab/Lyra/Healthpack/Texture/T_HealthPackPart_AORM.uexp" 1427
"C:/Users/ldgre/Desktop/Game Projects/Toon Tanks/ToonTanks/Content/Fab/Lyra/Healthpack/Texture/T_HealthPackPart_N.ubulk" 1428
"C:/Users/ldgre/Desktop/Game Projects/Toon Tanks/ToonTanks/Content/Fab/Lyra/Healthpack/Texture/T_HealthPackPart_N.uasset" 1429
"C:/Users/ldgre/Desktop/Game Projects/Toon Tanks/ToonTanks/Content/Fab/Lyra/Healthpack/Texture/T_HealthPackPart_N.uexp" 1430
"C:/Users/ldgre/Desktop/Game Projects/Toon Tanks/ToonTanks/Content/Fab/Lyra/Healthpack/Texture/T_HealthPackPart_Mask.ubulk" 1431
"C:/Users/ldgre/Desktop/Game Projects/Toon Tanks/ToonTanks/Content/Fab/Lyra/Healthpack/Texture/T_HealthPackPart_Mask.uasset" 1432
"C:/Users/ldgre/Desktop/Game Projects/Toon Tanks/ToonTanks/Content/Fab/Lyra/Healthpack/Texture/T_HealthPackPart_Mask.uexp" 1433
"C:/Users/ldgre/Desktop/Game Projects/Toon Tanks/ToonTanks/Content/Fab/Lyra/Healthpack/Material/MI_Item_HealthPackPart.uasset" 1434
"C:/Users/ldgre/Desktop/Game Projects/Toon Tanks/ToonTanks/Content/Fab/Lyra/Healthpack/Material/MI_Item_HealthPackPart.uexp" 1435
"C:/Users/ldgre/Desktop/Game Projects/Toon Tanks/ToonTanks/Content/Fab/Lyra/Generic/Materials/MI_InternalShapeGlow_MinorPattern.uasset" 1436
"C:/Users/ldgre/Desktop/Game Projects/Toon Tanks/ToonTanks/Content/Fab/Lyra/Generic/Materials/MI_InternalShapeGlow_MinorPattern.uexp" 1437
"../../../Engine/Content/Functions/Engine_MaterialFunctions01/Texturing/SpiralBlur-SceneTexture.uasset" 1438
"../../../Engine/Content/Functions/Engine_MaterialFunctions01/Texturing/SpiralBlur-SceneTexture.uexp" 1439
"C:/Users/ldgre/Desktop/Game Projects/Toon Tanks/ToonTanks/Content/Fab/Lyra/Generic/Materials/M_Glass.uasset" 1440
"C:/Users/ldgre/Desktop/Game Projects/Toon Tanks/ToonTanks/Content/Fab/Lyra/Generic/Materials/M_Glass.uexp" 1441
"C:/Users/ldgre/Desktop/Game Projects/Toon Tanks/ToonTanks/Content/Fab/Lyra/Generic/Materials/MI_InternalShapeGlow_NoPattern.uasset" 1442
"C:/Users/ldgre/Desktop/Game Projects/Toon Tanks/ToonTanks/Content/Fab/Lyra/Generic/Materials/MI_InternalShapeGlow_NoPattern.uexp" 1443
"C:/Users/ldgre/Desktop/Game Projects/Toon Tanks/ToonTanks/Content/Fab/Lyra/Generic/Materials/MI_InternalShapeGlow2_NoPattern.uasset" 1444
"C:/Users/ldgre/Desktop/Game Projects/Toon Tanks/ToonTanks/Content/Fab/Lyra/Generic/Materials/MI_InternalShapeGlow2_NoPattern.uexp" 1445
"C:/Users/ldgre/Desktop/Game Projects/Toon Tanks/ToonTanks/Content/Fab/Lyra/Healthpack/Mesh/SM_healthpackPart.uasset" 1446
"C:/Users/ldgre/Desktop/Game Projects/Toon Tanks/ToonTanks/Content/Fab/Lyra/Healthpack/Mesh/SM_healthpackPart.uexp" 1447
"C:/Users/ldgre/Desktop/Game Projects/Toon Tanks/ToonTanks/Content/Audio/AudioClips/SFX/Small_Health_Pack_Pick_Up_Sound.ubulk" 1448
"C:/Users/ldgre/Desktop/Game Projects/Toon Tanks/ToonTanks/Content/Audio/AudioClips/SFX/Small_Health_Pack_Pick_Up_Sound.uasset" 1449
"C:/Users/ldgre/Desktop/Game Projects/Toon Tanks/ToonTanks/Content/Audio/AudioClips/SFX/Small_Health_Pack_Pick_Up_Sound.uexp" 1450
"C:/Users/ldgre/Desktop/Game Projects/Toon Tanks/ToonTanks/Content/Environment/Interactables/Pickups/HealthPickups/BP_SmallHealthPickup.uasset" 1451
"C:/Users/ldgre/Desktop/Game Projects/Toon Tanks/ToonTanks/Content/Environment/Interactables/Pickups/HealthPickups/BP_SmallHealthPickup.uexp" 1452
"C:/Users/ldgre/Desktop/Game Projects/Toon Tanks/ToonTanks/Content/Fab/Platformer_8_Underworld/Meshes/SM_stairs_002.uasset" 1453
"C:/Users/ldgre/Desktop/Game Projects/Toon Tanks/ToonTanks/Content/Fab/Platformer_8_Underworld/Meshes/SM_stairs_002.uexp" 1454
"C:/Users/ldgre/Desktop/Game Projects/Toon Tanks/ToonTanks/Content/Fab/Platformer_8_Underworld/Meshes/SM_gate_001.uasset" 1455
"C:/Users/ldgre/Desktop/Game Projects/Toon Tanks/ToonTanks/Content/Fab/Platformer_8_Underworld/Meshes/SM_gate_001.uexp" 1456
"C:/Users/ldgre/Desktop/Game Projects/Toon Tanks/ToonTanks/Content/Environment/RotatingHazards/BP_HammerHazard.uasset" 1457
"C:/Users/ldgre/Desktop/Game Projects/Toon Tanks/ToonTanks/Content/Environment/RotatingHazards/BP_HammerHazard.uexp" 1458
"C:/Users/ldgre/Desktop/Game Projects/Toon Tanks/ToonTanks/Content/Fab/Platformer_8_Underworld/Blueprints/Components/BP_Scaler.uasset" 1459
"C:/Users/ldgre/Desktop/Game Projects/Toon Tanks/ToonTanks/Content/Fab/Platformer_8_Underworld/Blueprints/Components/BP_Scaler.uexp" 1460
"C:/Users/ldgre/Desktop/Game Projects/Toon Tanks/ToonTanks/Content/Fab/Platformer_8_Underworld/Meshes/SM_platform_002.uasset" 1461
"C:/Users/ldgre/Desktop/Game Projects/Toon Tanks/ToonTanks/Content/Fab/Platformer_8_Underworld/Meshes/SM_platform_002.uexp" 1462
"C:/Users/ldgre/Desktop/Game Projects/Toon Tanks/ToonTanks/Content/Fab/Platformer_8_Underworld/Meshes/SM_pillar_cap_002.uasset" 1463
"C:/Users/ldgre/Desktop/Game Projects/Toon Tanks/ToonTanks/Content/Fab/Platformer_8_Underworld/Meshes/SM_pillar_cap_002.uexp" 1464
"C:/Users/ldgre/Desktop/Game Projects/Toon Tanks/ToonTanks/Content/Fab/Platformer_8_Underworld/Meshes/SM_ruins_road_001.uasset" 1465
"C:/Users/ldgre/Desktop/Game Projects/Toon Tanks/ToonTanks/Content/Fab/Platformer_8_Underworld/Meshes/SM_ruins_road_001.uexp" 1466
"C:/Users/ldgre/Desktop/Game Projects/Toon Tanks/ToonTanks/Content/Fab/Platformer_8_Underworld/Meshes/SM_ruins_road_002.uasset" 1467
"C:/Users/ldgre/Desktop/Game Projects/Toon Tanks/ToonTanks/Content/Fab/Platformer_8_Underworld/Meshes/SM_ruins_road_002.uexp" 1468
"C:/Users/ldgre/Desktop/Game Projects/Toon Tanks/ToonTanks/Content/UI/Images/PickUpKeyUiImage2.ubulk" 1469
"C:/Users/ldgre/Desktop/Game Projects/Toon Tanks/ToonTanks/Content/UI/Images/PickUpKeyUiImage2.uasset" 1470
"C:/Users/ldgre/Desktop/Game Projects/Toon Tanks/ToonTanks/Content/UI/Images/PickUpKeyUiImage2.uexp" 1471
"C:/Users/ldgre/Desktop/Game Projects/Toon Tanks/ToonTanks/Content/Player/Inventory/Keys/Key2.uasset" 1472
"C:/Users/ldgre/Desktop/Game Projects/Toon Tanks/ToonTanks/Content/Player/Inventory/Keys/Key2.uexp" 1473
"C:/Users/ldgre/Desktop/Game Projects/Toon Tanks/ToonTanks/Content/Art/Textures/Beach_Gravel_udlladln_8K_Displacement.uexp" 1474
"C:/Users/ldgre/Desktop/Game Projects/Toon Tanks/ToonTanks/Content/Art/Textures/Beach_Gravel_udlladln_8K_Displacement.ubulk" 1475
"C:/Users/ldgre/Desktop/Game Projects/Toon Tanks/ToonTanks/Content/Art/Textures/Beach_Gravel_udlladln_8K_Displacement.uasset" 1476
"C:/Users/ldgre/Desktop/Game Projects/Toon Tanks/ToonTanks/Content/Art/Textures/Beach_Gravel_udlladln_8K_Displacement.uptnl" 1477
"C:/Users/ldgre/Desktop/Game Projects/Toon Tanks/ToonTanks/Content/Art/Materials/Beach_Gravel_udlladln_8K_Displacement_Mat.uasset" 1478
"C:/Users/ldgre/Desktop/Game Projects/Toon Tanks/ToonTanks/Content/Art/Materials/Beach_Gravel_udlladln_8K_Displacement_Mat.uexp" 1479
"C:/Users/ldgre/Desktop/Game Projects/Toon Tanks/ToonTanks/Content/Levels/DemoLevels/_GENERATED/ldgre/UnlockableWallBlocker.ubulk" 1480
"C:/Users/ldgre/Desktop/Game Projects/Toon Tanks/ToonTanks/Content/Levels/DemoLevels/_GENERATED/ldgre/UnlockableWallBlocker.uasset" 1481
"C:/Users/ldgre/Desktop/Game Projects/Toon Tanks/ToonTanks/Content/Levels/DemoLevels/_GENERATED/ldgre/UnlockableWallBlocker.uexp" 1482
"C:/Users/ldgre/Desktop/Game Projects/Toon Tanks/ToonTanks/Content/Fab/Platformer_8_Underworld/Meshes/SM_passage_001.uasset" 1483
"C:/Users/ldgre/Desktop/Game Projects/Toon Tanks/ToonTanks/Content/Fab/Platformer_8_Underworld/Meshes/SM_passage_001.uexp" 1484
"C:/Users/ldgre/Desktop/Game Projects/Toon Tanks/ToonTanks/Content/Audio/AudioClips/SFX/SW_UnlockGateSoundEffect.ubulk" 1485
"C:/Users/ldgre/Desktop/Game Projects/Toon Tanks/ToonTanks/Content/Audio/AudioClips/SFX/SW_UnlockGateSoundEffect.uasset" 1486
"C:/Users/ldgre/Desktop/Game Projects/Toon Tanks/ToonTanks/Content/Audio/AudioClips/SFX/SW_UnlockGateSoundEffect.uexp" 1487
"C:/Users/ldgre/Desktop/Game Projects/Toon Tanks/ToonTanks/Content/Environment/Interactables/Walls/BP_BaseUnlockableWall.uasset" 1488
"C:/Users/ldgre/Desktop/Game Projects/Toon Tanks/ToonTanks/Content/Environment/Interactables/Walls/BP_BaseUnlockableWall.uexp" 1489
"C:/Users/ldgre/Desktop/Game Projects/Toon Tanks/ToonTanks/Content/Environment/Interactables/Walls/UnlockableWallKeyType2.uasset" 1490
"C:/Users/ldgre/Desktop/Game Projects/Toon Tanks/ToonTanks/Content/Environment/Interactables/Walls/UnlockableWallKeyType2.uexp" 1491
"C:/Users/ldgre/Desktop/Game Projects/Toon Tanks/ToonTanks/Content/Fab/Platformer_8_Underworld/Meshes/SM_chest_002.uasset" 1492
"C:/Users/ldgre/Desktop/Game Projects/Toon Tanks/ToonTanks/Content/Fab/Platformer_8_Underworld/Meshes/SM_chest_002.uexp" 1493
"C:/Users/ldgre/Desktop/Game Projects/Toon Tanks/ToonTanks/Content/Fab/Platformer_8_Underworld/Meshes/SM_statue_podium_001.uasset" 1494
"C:/Users/ldgre/Desktop/Game Projects/Toon Tanks/ToonTanks/Content/Fab/Platformer_8_Underworld/Meshes/SM_statue_podium_001.uexp" 1495
"C:/Users/ldgre/Desktop/Game Projects/Toon Tanks/ToonTanks/Content/Fab/Platformer_8_Underworld/Meshes/SM_crown_001.uasset" 1496
"C:/Users/ldgre/Desktop/Game Projects/Toon Tanks/ToonTanks/Content/Fab/Platformer_8_Underworld/Meshes/SM_crown_001.uexp" 1497
"C:/Users/ldgre/Desktop/Game Projects/Toon Tanks/ToonTanks/Content/Environment/DamageCasuers/BP_GroundExplosive.uasset" 1498
"C:/Users/ldgre/Desktop/Game Projects/Toon Tanks/ToonTanks/Content/Environment/DamageCasuers/BP_GroundExplosive.uexp" 1499
"C:/Users/ldgre/Desktop/Game Projects/Toon Tanks/ToonTanks/Content/Fab/Platformer_8_Underworld/Meshes/SM_bomb_001.uasset" 1500
"C:/Users/ldgre/Desktop/Game Projects/Toon Tanks/ToonTanks/Content/Fab/Platformer_8_Underworld/Meshes/SM_bomb_001.uexp" 1501
"C:/Users/ldgre/Desktop/Game Projects/Toon Tanks/ToonTanks/Content/Environment/DamageCasuers/BP_Bomb.uasset" 1502
"C:/Users/ldgre/Desktop/Game Projects/Toon Tanks/ToonTanks/Content/Environment/DamageCasuers/BP_Bomb.uexp" 1503
"C:/Users/ldgre/Desktop/Game Projects/Toon Tanks/ToonTanks/Content/AI/BTTasks/BTTask_DisableAimAtTarget.uasset" 1504
"C:/Users/ldgre/Desktop/Game Projects/Toon Tanks/ToonTanks/Content/AI/BTTasks/BTTask_DisableAimAtTarget.uexp" 1505
"C:/Users/ldgre/Desktop/Game Projects/Toon Tanks/ToonTanks/Content/AI/BTTasks/BaseClassTasks/BPBTTask_StopFiring.uasset" 1506
"C:/Users/ldgre/Desktop/Game Projects/Toon Tanks/ToonTanks/Content/AI/BTTasks/BaseClassTasks/BPBTTask_StopFiring.uexp" 1507
"C:/Users/ldgre/Desktop/Game Projects/Toon Tanks/ToonTanks/Content/AI/BehaviorTrees/BPBT_SingleShotTank.uasset" 1508
"C:/Users/ldgre/Desktop/Game Projects/Toon Tanks/ToonTanks/Content/AI/BehaviorTrees/BPBT_SingleShotTank.uexp" 1509
"C:/Users/ldgre/Desktop/Game Projects/Toon Tanks/ToonTanks/Content/AI/Controllers/TankEnemyControllers/TankEnemySingleShotConrollers/BP_TankEnemySingleShotControllerShortVision.uasset" 1510
"C:/Users/ldgre/Desktop/Game Projects/Toon Tanks/ToonTanks/Content/AI/Controllers/TankEnemyControllers/TankEnemySingleShotConrollers/BP_TankEnemySingleShotControllerShortVision.uexp" 1511
"C:/Users/ldgre/Desktop/Game Projects/Toon Tanks/ToonTanks/Content/AI/Pawns/TankEnemies/TankEnemySIngleShot/TankeEnemySingleShotShortVision/TankeEnemy1SingleShotShortVision.uasset" 1512
"C:/Users/ldgre/Desktop/Game Projects/Toon Tanks/ToonTanks/Content/AI/Pawns/TankEnemies/TankEnemySIngleShot/TankeEnemySingleShotShortVision/TankeEnemy1SingleShotShortVision.uexp" 1513
"C:/Users/ldgre/Desktop/Game Projects/Toon Tanks/ToonTanks/Content/Fab/Platformer_8_Underworld/Meshes/SM_obstacle_1_001.uasset" 1514
"C:/Users/ldgre/Desktop/Game Projects/Toon Tanks/ToonTanks/Content/Fab/Platformer_8_Underworld/Meshes/SM_obstacle_1_001.uexp" 1515
"C:/Users/ldgre/Desktop/Game Projects/Toon Tanks/ToonTanks/Content/Fab/Platformer_8_Underworld/Meshes/SM_ruins_001.uasset" 1516
"C:/Users/ldgre/Desktop/Game Projects/Toon Tanks/ToonTanks/Content/Fab/Platformer_8_Underworld/Meshes/SM_ruins_001.uexp" 1517
"C:/Users/ldgre/Desktop/Game Projects/Toon Tanks/ToonTanks/Content/Fab/Platformer_8_Underworld/Meshes/SM_coin_001.uasset" 1518
"C:/Users/ldgre/Desktop/Game Projects/Toon Tanks/ToonTanks/Content/Fab/Platformer_8_Underworld/Meshes/SM_coin_001.uexp" 1519
"C:/Users/ldgre/Desktop/Game Projects/Toon Tanks/ToonTanks/Content/Fab/Platformer_8_Underworld/Meshes/SM_fence_002.uasset" 1520
"C:/Users/ldgre/Desktop/Game Projects/Toon Tanks/ToonTanks/Content/Fab/Platformer_8_Underworld/Meshes/SM_fence_002.uexp" 1521
"C:/Users/ldgre/Desktop/Game Projects/Toon Tanks/ToonTanks/Content/Fab/Platformer_8_Underworld/Meshes/SM_passage_destroyed_001.uasset" 1522
"C:/Users/ldgre/Desktop/Game Projects/Toon Tanks/ToonTanks/Content/Fab/Platformer_8_Underworld/Meshes/SM_passage_destroyed_001.uexp" 1523
"C:/Users/ldgre/Desktop/Game Projects/Toon Tanks/ToonTanks/Content/Fab/Platformer_8_Underworld/Meshes/SM_barrel_002.uasset" 1524
"C:/Users/ldgre/Desktop/Game Projects/Toon Tanks/ToonTanks/Content/Fab/Platformer_8_Underworld/Meshes/SM_barrel_002.uexp" 1525
"C:/Users/ldgre/Desktop/Game Projects/Toon Tanks/ToonTanks/Content/Fab/Platformer_8_Underworld/Meshes/SM_pillar_005.uasset" 1526
"C:/Users/ldgre/Desktop/Game Projects/Toon Tanks/ToonTanks/Content/Fab/Platformer_8_Underworld/Meshes/SM_pillar_005.uexp" 1527
"C:/Users/ldgre/Desktop/Game Projects/Toon Tanks/ToonTanks/Content/Fab/Platformer_8_Underworld/Meshes/SM_obstacle_3_001.uasset" 1528
"C:/Users/ldgre/Desktop/Game Projects/Toon Tanks/ToonTanks/Content/Fab/Platformer_8_Underworld/Meshes/SM_obstacle_3_001.uexp" 1529
"C:/Users/ldgre/Desktop/Game Projects/Toon Tanks/ToonTanks/Content/Audio/AudioClips/Music/UnderWorldLevelMusic.ubulk" 1530
"C:/Users/ldgre/Desktop/Game Projects/Toon Tanks/ToonTanks/Content/Audio/AudioClips/Music/UnderWorldLevelMusic.uasset" 1531
"C:/Users/ldgre/Desktop/Game Projects/Toon Tanks/ToonTanks/Content/Audio/AudioClips/Music/UnderWorldLevelMusic.uexp" 1532
"C:/Users/ldgre/Desktop/Game Projects/Toon Tanks/ToonTanks/Content/Fab/Platformer_8_Underworld/Meshes/SM_diamond_001.uasset" 1533
"C:/Users/ldgre/Desktop/Game Projects/Toon Tanks/ToonTanks/Content/Fab/Platformer_8_Underworld/Meshes/SM_diamond_001.uexp" 1534
"C:/Users/ldgre/Desktop/Game Projects/Toon Tanks/ToonTanks/Content/Levels/DemoLevels/_GENERATED/ldgre/Box_CDB8B505.ubulk" 1535
"C:/Users/ldgre/Desktop/Game Projects/Toon Tanks/ToonTanks/Content/Levels/DemoLevels/_GENERATED/ldgre/Box_CDB8B505.uasset" 1536
"C:/Users/ldgre/Desktop/Game Projects/Toon Tanks/ToonTanks/Content/Levels/DemoLevels/_GENERATED/ldgre/Box_CDB8B505.uexp" 1537
"../../../Engine/Content/BasicShapes/BasicShapeMaterial.uasset" 1538
"../../../Engine/Content/BasicShapes/BasicShapeMaterial.uexp" 1539
"C:/Users/ldgre/Desktop/Game Projects/Toon Tanks/ToonTanks/Content/Environment/Perception/BP_PerceptionBlockingVolume.uasset" 1540
"C:/Users/ldgre/Desktop/Game Projects/Toon Tanks/ToonTanks/Content/Environment/Perception/BP_PerceptionBlockingVolume.uexp" 1541
"C:/Users/ldgre/Desktop/Game Projects/Toon Tanks/ToonTanks/Content/UI/Images/AssaultRifleUIImage.uasset" 1542
"C:/Users/ldgre/Desktop/Game Projects/Toon Tanks/ToonTanks/Content/UI/Images/AssaultRifleUIImage.uexp" 1543
"C:/Users/ldgre/Desktop/Game Projects/Toon Tanks/ToonTanks/Content/Weapons/Projectiles/BP_AssaultRifle.uasset" 1544
"C:/Users/ldgre/Desktop/Game Projects/Toon Tanks/ToonTanks/Content/Weapons/Projectiles/BP_AssaultRifle.uexp" 1545
"C:/Users/ldgre/Desktop/Game Projects/Toon Tanks/ToonTanks/Content/Audio/AudioClips/SFX/ShootSounds/Assault_Rifle_Shot_Sound_Effect.ubulk" 1546
"C:/Users/ldgre/Desktop/Game Projects/Toon Tanks/ToonTanks/Content/Audio/AudioClips/SFX/ShootSounds/Assault_Rifle_Shot_Sound_Effect.uasset" 1547
"C:/Users/ldgre/Desktop/Game Projects/Toon Tanks/ToonTanks/Content/Audio/AudioClips/SFX/ShootSounds/Assault_Rifle_Shot_Sound_Effect.uexp" 1548
"C:/Users/ldgre/Desktop/Game Projects/Toon Tanks/ToonTanks/Content/Weapons/WeaponData/DA_AssaultRifle.uasset" 1549
"C:/Users/ldgre/Desktop/Game Projects/Toon Tanks/ToonTanks/Content/Weapons/WeaponData/DA_AssaultRifle.uexp" 1550
"C:/Users/ldgre/Desktop/Game Projects/Toon Tanks/ToonTanks/Content/Fab/LP_LiteWeapons_JC/Textures/T_Texture_01.ubulk" 1551
"C:/Users/ldgre/Desktop/Game Projects/Toon Tanks/ToonTanks/Content/Fab/LP_LiteWeapons_JC/Textures/T_Texture_01.uasset" 1552
"C:/Users/ldgre/Desktop/Game Projects/Toon Tanks/ToonTanks/Content/Fab/LP_LiteWeapons_JC/Textures/T_Texture_01.uexp" 1553
"C:/Users/ldgre/Desktop/Game Projects/Toon Tanks/ToonTanks/Content/Fab/LP_LiteWeapons_JC/Materials/M_LiteWepons_01.uasset" 1554
"C:/Users/ldgre/Desktop/Game Projects/Toon Tanks/ToonTanks/Content/Fab/LP_LiteWeapons_JC/Materials/M_LiteWepons_01.uexp" 1555
"C:/Users/ldgre/Desktop/Game Projects/Toon Tanks/ToonTanks/Content/Levels/DemoLevels/_GENERATED/ldgre/SM_AssaultRifleBarrel.ubulk" 1556
"C:/Users/ldgre/Desktop/Game Projects/Toon Tanks/ToonTanks/Content/Levels/DemoLevels/_GENERATED/ldgre/SM_AssaultRifleBarrel.uasset" 1557
"C:/Users/ldgre/Desktop/Game Projects/Toon Tanks/ToonTanks/Content/Levels/DemoLevels/_GENERATED/ldgre/SM_AssaultRifleBarrel.uexp" 1558
"C:/Users/ldgre/Desktop/Game Projects/Toon Tanks/ToonTanks/Content/AI/BTTasks/BaseClassTasks/BTTask_CallAssaultRifleFireFunctions.uasset" 1559
"C:/Users/ldgre/Desktop/Game Projects/Toon Tanks/ToonTanks/Content/AI/BTTasks/BaseClassTasks/BTTask_CallAssaultRifleFireFunctions.uexp" 1560
"C:/Users/ldgre/Desktop/Game Projects/Toon Tanks/ToonTanks/Content/AI/BehaviorTrees/BPBT_AssaultRifleTank.uasset" 1561
"C:/Users/ldgre/Desktop/Game Projects/Toon Tanks/ToonTanks/Content/AI/BehaviorTrees/BPBT_AssaultRifleTank.uexp" 1562
"C:/Users/ldgre/Desktop/Game Projects/Toon Tanks/ToonTanks/Content/AI/Controllers/TankEnemyControllers/TankEnemyAssaultRifle/BP_BaseTankAssaultRifleController.uasset" 1563
"C:/Users/ldgre/Desktop/Game Projects/Toon Tanks/ToonTanks/Content/AI/Controllers/TankEnemyControllers/TankEnemyAssaultRifle/BP_BaseTankAssaultRifleController.uexp" 1564
"C:/Users/ldgre/Desktop/Game Projects/Toon Tanks/ToonTanks/Content/AI/Pawns/TankEnemies/TankEnemyAssaultRifle/BP_BaseTankAssaultRifle.uasset" 1565
"C:/Users/ldgre/Desktop/Game Projects/Toon Tanks/ToonTanks/Content/AI/Pawns/TankEnemies/TankEnemyAssaultRifle/BP_BaseTankAssaultRifle.uexp" 1566
"C:/Users/ldgre/Desktop/Game Projects/Toon Tanks/ToonTanks/Content/Fab/Platformer_8_Underworld/Meshes/SM_obstacle_7_001.uasset" 1567
"C:/Users/ldgre/Desktop/Game Projects/Toon Tanks/ToonTanks/Content/Fab/Platformer_8_Underworld/Meshes/SM_obstacle_7_001.uexp" 1568
"C:/Users/ldgre/Desktop/Game Projects/Toon Tanks/ToonTanks/Content/Fab/Platformer_8_Underworld/Meshes/SM_obstacle_5_002.uasset" 1569
"C:/Users/ldgre/Desktop/Game Projects/Toon Tanks/ToonTanks/Content/Fab/Platformer_8_Underworld/Meshes/SM_obstacle_5_002.uexp" 1570
"C:/Users/ldgre/Desktop/Game Projects/Toon Tanks/ToonTanks/Content/Fab/Platformer_8_Underworld/Meshes/SM_vase_003.uasset" 1571
"C:/Users/ldgre/Desktop/Game Projects/Toon Tanks/ToonTanks/Content/Fab/Platformer_8_Underworld/Meshes/SM_vase_003.uexp" 1572
"C:/Users/ldgre/Desktop/Game Projects/Toon Tanks/ToonTanks/Content/Environment/StaticObjects/Vase3.uasset" 1573
"C:/Users/ldgre/Desktop/Game Projects/Toon Tanks/ToonTanks/Content/Environment/StaticObjects/Vase3.uexp" 1574
"C:/Users/ldgre/Desktop/Game Projects/Toon Tanks/ToonTanks/Content/Fab/Platformer_8_Underworld/Meshes/SM_pillar_009.uasset" 1575
"C:/Users/ldgre/Desktop/Game Projects/Toon Tanks/ToonTanks/Content/Fab/Platformer_8_Underworld/Meshes/SM_pillar_009.uexp" 1576
"C:/Users/ldgre/Desktop/Game Projects/Toon Tanks/ToonTanks/Content/Levels/Level1_Underworld_BuiltData.ubulk" 1577
"C:/Users/ldgre/Desktop/Game Projects/Toon Tanks/ToonTanks/Content/Levels/Level1_Underworld_BuiltData.uasset" 1578
"C:/Users/ldgre/Desktop/Game Projects/Toon Tanks/ToonTanks/Content/Levels/Level1_Underworld_BuiltData.uexp" 1579
"../../../Engine/Content/EditorResources/BadBlueprintSprite.ubulk" 1580
"../../../Engine/Content/EditorResources/BadBlueprintSprite.uasset" 1581
"../../../Engine/Content/EditorResources/BadBlueprintSprite.uexp" 1582
"C:/Users/ldgre/Desktop/Game Projects/Toon Tanks/ToonTanks/Content/Fab/Platformer_8_Underworld/Meshes/SM_hook_001.uasset" 1583
"C:/Users/ldgre/Desktop/Game Projects/Toon Tanks/ToonTanks/Content/Fab/Platformer_8_Underworld/Meshes/SM_hook_001.uexp" 1584
"C:/Users/ldgre/Desktop/Game Projects/Toon Tanks/ToonTanks/Content/Fab/Platformer_8_Underworld/Meshes/SM_chest_gold_002.uasset" 1585
"C:/Users/ldgre/Desktop/Game Projects/Toon Tanks/ToonTanks/Content/Fab/Platformer_8_Underworld/Meshes/SM_chest_gold_002.uexp" 1586
"C:/Users/ldgre/Desktop/Game Projects/Toon Tanks/ToonTanks/Content/Fab/Platformer_8_Underworld/Meshes/SM_chest_lid_002.uasset" 1587
"C:/Users/ldgre/Desktop/Game Projects/Toon Tanks/ToonTanks/Content/Fab/Platformer_8_Underworld/Meshes/SM_chest_lid_002.uexp" 1588
"../../../Engine/Content/VREditor/BasicMeshes/T_CleanFloorGrunge_01_D.ubulk" 1589
"../../../Engine/Content/VREditor/BasicMeshes/T_CleanFloorGrunge_01_D.uasset" 1590
"../../../Engine/Content/VREditor/BasicMeshes/T_CleanFloorGrunge_01_D.uexp" 1591
"../../../Engine/Content/VREditor/BasicMeshes/M_Floor_01.uasset" 1592
"../../../Engine/Content/VREditor/BasicMeshes/M_Floor_01.uexp" 1593
"../../../Engine/Content/VREditor/BasicMeshes/MI_Cube_03.uasset" 1594
"../../../Engine/Content/VREditor/BasicMeshes/MI_Cube_03.uexp" 1595
"C:/Users/ldgre/Desktop/Game Projects/Toon Tanks/ToonTanks/Content/Environment/DeathCausers/BP_DeathBarrier.uasset" 1596
"C:/Users/ldgre/Desktop/Game Projects/Toon Tanks/ToonTanks/Content/Environment/DeathCausers/BP_DeathBarrier.uexp" 1597
"C:/Users/ldgre/Desktop/Game Projects/Toon Tanks/ToonTanks/Content/Fab/Platformer_8_Underworld/Meshes/SM_obstacle_4_001.uasset" 1598
"C:/Users/ldgre/Desktop/Game Projects/Toon Tanks/ToonTanks/Content/Fab/Platformer_8_Underworld/Meshes/SM_obstacle_4_001.uexp" 1599
"C:/Users/ldgre/Desktop/Game Projects/Toon Tanks/ToonTanks/Content/Fab/Platformer_8_Underworld/Meshes/SM_ruins_road_003.uasset" 1600
"C:/Users/ldgre/Desktop/Game Projects/Toon Tanks/ToonTanks/Content/Fab/Platformer_8_Underworld/Meshes/SM_ruins_road_003.uexp" 1601
"C:/Users/ldgre/Desktop/Game Projects/Toon Tanks/ToonTanks/Content/Fab/Platformer_8_Underworld/Meshes/SM_ruins_003.uasset" 1602
"C:/Users/ldgre/Desktop/Game Projects/Toon Tanks/ToonTanks/Content/Fab/Platformer_8_Underworld/Meshes/SM_ruins_003.uexp" 1603
"C:/Users/ldgre/Desktop/Game Projects/Toon Tanks/ToonTanks/Content/Environment/Spawning/Checkpoints.uasset" 1604
"C:/Users/ldgre/Desktop/Game Projects/Toon Tanks/ToonTanks/Content/Environment/Spawning/Checkpoints.uexp" 1605
"C:/Users/ldgre/Desktop/Game Projects/Toon Tanks/ToonTanks/Content/Fab/Platformer_8_Underworld/Meshes/SM_chain_001.uasset" 1606
"C:/Users/ldgre/Desktop/Game Projects/Toon Tanks/ToonTanks/Content/Fab/Platformer_8_Underworld/Meshes/SM_chain_001.uexp" 1607
"C:/Users/ldgre/Desktop/Game Projects/Toon Tanks/ToonTanks/Content/AI/BlackBoards/BPBB_SniperShotTurret.uasset" 1608
"C:/Users/ldgre/Desktop/Game Projects/Toon Tanks/ToonTanks/Content/AI/BlackBoards/BPBB_SniperShotTurret.uexp" 1609
"C:/Users/ldgre/Desktop/Game Projects/Toon Tanks/ToonTanks/Content/AI/BehaviorTrees/BPBT_SniperShotTurret.uasset" 1610
"C:/Users/ldgre/Desktop/Game Projects/Toon Tanks/ToonTanks/Content/AI/BehaviorTrees/BPBT_SniperShotTurret.uexp" 1611
"C:/Users/ldgre/Desktop/Game Projects/Toon Tanks/ToonTanks/Content/AI/Controllers/TurretEnemyControllers/BP_SniperShotTurretController.uasset" 1612
"C:/Users/ldgre/Desktop/Game Projects/Toon Tanks/ToonTanks/Content/AI/Controllers/TurretEnemyControllers/BP_SniperShotTurretController.uexp" 1613
"C:/Users/ldgre/Desktop/Game Projects/Toon Tanks/ToonTanks/Content/Levels/DemoLevels/_GENERATED/ldgre/SM_SniperBarrel.ubulk" 1614
"C:/Users/ldgre/Desktop/Game Projects/Toon Tanks/ToonTanks/Content/Levels/DemoLevels/_GENERATED/ldgre/SM_SniperBarrel.uasset" 1615
"C:/Users/ldgre/Desktop/Game Projects/Toon Tanks/ToonTanks/Content/Levels/DemoLevels/_GENERATED/ldgre/SM_SniperBarrel.uexp" 1616
"../../../Engine/Content/MapTemplates/Sky/M_BlackBackground.uasset" 1617
"../../../Engine/Content/MapTemplates/Sky/M_BlackBackground.uexp" 1618
"C:/Users/ldgre/Desktop/Game Projects/Toon Tanks/ToonTanks/Content/AI/Pawns/TurretEnemies/SniperShotTurrets/BP_SniperShotTurret.uasset" 1619
"C:/Users/ldgre/Desktop/Game Projects/Toon Tanks/ToonTanks/Content/AI/Pawns/TurretEnemies/SniperShotTurrets/BP_SniperShotTurret.uexp" 1620
"C:/Users/ldgre/Desktop/Game Projects/Toon Tanks/ToonTanks/Content/Fab/Platformer_8_Underworld/Meshes/SM_pillar_002.uasset" 1621
"C:/Users/ldgre/Desktop/Game Projects/Toon Tanks/ToonTanks/Content/Fab/Platformer_8_Underworld/Meshes/SM_pillar_002.uexp" 1622
"C:/Users/ldgre/Desktop/Game Projects/Toon Tanks/ToonTanks/Content/Fab/Platformer_8_Underworld/Meshes/SM_platform_003.uasset" 1623
"C:/Users/ldgre/Desktop/Game Projects/Toon Tanks/ToonTanks/Content/Fab/Platformer_8_Underworld/Meshes/SM_platform_003.uexp" 1624
"C:/Users/ldgre/Desktop/Game Projects/Toon Tanks/ToonTanks/Content/Environment/Interactables/Pickups/KeyPickups/KeyPickUp2.uasset" 1625
"C:/Users/ldgre/Desktop/Game Projects/Toon Tanks/ToonTanks/Content/Environment/Interactables/Pickups/KeyPickups/KeyPickUp2.uexp" 1626
"C:/Users/ldgre/Desktop/Game Projects/Toon Tanks/ToonTanks/Content/Environment/Interactables/Chests/BP_key2Chest.uasset" 1627
"C:/Users/ldgre/Desktop/Game Projects/Toon Tanks/ToonTanks/Content/Environment/Interactables/Chests/BP_key2Chest.uexp" 1628
"C:/Users/ldgre/Desktop/Game Projects/Toon Tanks/ToonTanks/Content/Environment/Interactables/Walls/UnlockableWallKeyType1.uasset" 1629
"C:/Users/ldgre/Desktop/Game Projects/Toon Tanks/ToonTanks/Content/Environment/Interactables/Walls/UnlockableWallKeyType1.uexp" 1630
"C:/Users/ldgre/Desktop/Game Projects/Toon Tanks/ToonTanks/Content/Environment/StaticObjects/Barrel.uasset" 1631
"C:/Users/ldgre/Desktop/Game Projects/Toon Tanks/ToonTanks/Content/Environment/StaticObjects/Barrel.uexp" 1632
"C:/Users/ldgre/Desktop/Game Projects/Toon Tanks/ToonTanks/Content/Fab/Platformer_8_Underworld/Meshes/SM_pillar_008.uasset" 1633
"C:/Users/ldgre/Desktop/Game Projects/Toon Tanks/ToonTanks/Content/Fab/Platformer_8_Underworld/Meshes/SM_pillar_008.uexp" 1634
"C:/Users/ldgre/Desktop/Game Projects/Toon Tanks/ToonTanks/Content/Fab/Platformer_8_Underworld/Meshes/SM_heart_001.uasset" 1635
"C:/Users/ldgre/Desktop/Game Projects/Toon Tanks/ToonTanks/Content/Fab/Platformer_8_Underworld/Meshes/SM_heart_001.uexp" 1636
"C:/Users/ldgre/Desktop/Game Projects/Toon Tanks/ToonTanks/Content/Fab/Platformer_8_Underworld/Meshes/SM_obstacle_9_001.uasset" 1637
"C:/Users/ldgre/Desktop/Game Projects/Toon Tanks/ToonTanks/Content/Fab/Platformer_8_Underworld/Meshes/SM_obstacle_9_001.uexp" 1638
"C:/Users/ldgre/Desktop/Game Projects/Toon Tanks/ToonTanks/Content/Environment/StaticObjects/Vase1.uasset" 1639
"C:/Users/ldgre/Desktop/Game Projects/Toon Tanks/ToonTanks/Content/Environment/StaticObjects/Vase1.uexp" 1640
"C:/Users/ldgre/Desktop/Game Projects/Toon Tanks/ToonTanks/Content/Fab/Platformer_8_Underworld/Meshes/SM_pillar_cap_001.uasset" 1641
"C:/Users/ldgre/Desktop/Game Projects/Toon Tanks/ToonTanks/Content/Fab/Platformer_8_Underworld/Meshes/SM_pillar_cap_001.uexp" 1642
"C:/Users/ldgre/Desktop/Game Projects/Toon Tanks/ToonTanks/Content/Fab/Platformer_8_Underworld/Meshes/SM_pillar_006.uasset" 1643
"C:/Users/ldgre/Desktop/Game Projects/Toon Tanks/ToonTanks/Content/Fab/Platformer_8_Underworld/Meshes/SM_pillar_006.uexp" 1644
"../../../Engine/Content/Functions/Engine_MaterialFunctions02/Utility/VectorToRadialValue.uasset" 1645
"../../../Engine/Content/Functions/Engine_MaterialFunctions02/Utility/VectorToRadialValue.uexp" 1646
"C:/Users/ldgre/Desktop/Game Projects/Toon Tanks/ToonTanks/Content/Fab/PortalSystem/Textures/T_AuraDark.ubulk" 1647
"C:/Users/ldgre/Desktop/Game Projects/Toon Tanks/ToonTanks/Content/Fab/PortalSystem/Textures/T_AuraDark.uasset" 1648
"C:/Users/ldgre/Desktop/Game Projects/Toon Tanks/ToonTanks/Content/Fab/PortalSystem/Textures/T_AuraDark.uexp" 1649
"C:/Users/ldgre/Desktop/Game Projects/Toon Tanks/ToonTanks/Content/Fab/PortalSystem/Materials/M_Swirl.uasset" 1650
"C:/Users/ldgre/Desktop/Game Projects/Toon Tanks/ToonTanks/Content/Fab/PortalSystem/Materials/M_Swirl.uexp" 1651
"C:/Users/ldgre/Desktop/Game Projects/Toon Tanks/ToonTanks/Content/Fab/PortalSystem/Textures/T_Ruines.ubulk" 1652
"C:/Users/ldgre/Desktop/Game Projects/Toon Tanks/ToonTanks/Content/Fab/PortalSystem/Textures/T_Ruines.uasset" 1653
"C:/Users/ldgre/Desktop/Game Projects/Toon Tanks/ToonTanks/Content/Fab/PortalSystem/Textures/T_Ruines.uexp" 1654
"C:/Users/ldgre/Desktop/Game Projects/Toon Tanks/ToonTanks/Content/Fab/PortalSystem/Materials/M_Ruines.uasset" 1655
"C:/Users/ldgre/Desktop/Game Projects/Toon Tanks/ToonTanks/Content/Fab/PortalSystem/Materials/M_Ruines.uexp" 1656
"C:/Users/ldgre/Desktop/Game Projects/Toon Tanks/ToonTanks/Content/Fab/PortalSystem/FX/NS_Portal_04.uasset" 1657
"C:/Users/ldgre/Desktop/Game Projects/Toon Tanks/ToonTanks/Content/Fab/PortalSystem/FX/NS_Portal_04.uexp" 1658
"C:/Users/ldgre/Desktop/Game Projects/Toon Tanks/ToonTanks/Content/Environment/Teleporter/BP_LevelEndTeleporter.uasset" 1659
"C:/Users/ldgre/Desktop/Game Projects/Toon Tanks/ToonTanks/Content/Environment/Teleporter/BP_LevelEndTeleporter.uexp" 1660
"C:/Users/ldgre/Desktop/Game Projects/Toon Tanks/ToonTanks/Content/Fab/Platformer_8_Underworld/Meshes/SM_platform_001.uasset" 1661
"C:/Users/ldgre/Desktop/Game Projects/Toon Tanks/ToonTanks/Content/Fab/Platformer_8_Underworld/Meshes/SM_platform_001.uexp" 1662
"C:/Users/ldgre/Desktop/Game Projects/Toon Tanks/ToonTanks/Content/Fab/Platformer_8_Underworld/Meshes/SM_fence_003.uasset" 1663
"C:/Users/ldgre/Desktop/Game Projects/Toon Tanks/ToonTanks/Content/Fab/Platformer_8_Underworld/Meshes/SM_fence_003.uexp" 1664
"C:/Users/ldgre/Desktop/Game Projects/Toon Tanks/ToonTanks/Content/Fab/Platformer_8_Underworld/Meshes/SM_platform_004.uasset" 1665
"C:/Users/ldgre/Desktop/Game Projects/Toon Tanks/ToonTanks/Content/Fab/Platformer_8_Underworld/Meshes/SM_platform_004.uexp" 1666
"C:/Users/ldgre/Desktop/Game Projects/Toon Tanks/ToonTanks/Content/Fab/Platformer_8_Underworld/Meshes/SM_circle_002.uasset" 1667
"C:/Users/ldgre/Desktop/Game Projects/Toon Tanks/ToonTanks/Content/Fab/Platformer_8_Underworld/Meshes/SM_circle_002.uexp" 1668
"C:/Users/ldgre/Desktop/Game Projects/Toon Tanks/ToonTanks/Content/Fab/LP_LiteWeapons_JC/Models/SM_AssaultRifle.uasset" 1669
"C:/Users/ldgre/Desktop/Game Projects/Toon Tanks/ToonTanks/Content/Fab/LP_LiteWeapons_JC/Models/SM_AssaultRifle.uexp" 1670
"C:/Users/ldgre/Desktop/Game Projects/Toon Tanks/ToonTanks/Content/Environment/Interactables/Pickups/WeaponPickups/BP_AssaultRiflePickUp.uasset" 1671
"C:/Users/ldgre/Desktop/Game Projects/Toon Tanks/ToonTanks/Content/Environment/Interactables/Pickups/WeaponPickups/BP_AssaultRiflePickUp.uexp" 1672
"C:/Users/ldgre/Desktop/Game Projects/Toon Tanks/ToonTanks/Content/Fab/Platformer_8_Underworld/Meshes/SM_state_warlock_circle_001.uasset" 1673
"C:/Users/ldgre/Desktop/Game Projects/Toon Tanks/ToonTanks/Content/Fab/Platformer_8_Underworld/Meshes/SM_state_warlock_circle_001.uexp" 1674
"C:/Users/ldgre/Desktop/Game Projects/Toon Tanks/ToonTanks/Content/Fab/Platformer_8_Underworld/Blueprints/Components/BP_Rotator.uasset" 1675
"C:/Users/ldgre/Desktop/Game Projects/Toon Tanks/ToonTanks/Content/Fab/Platformer_8_Underworld/Blueprints/Components/BP_Rotator.uexp" 1676
"C:/Users/ldgre/Desktop/Game Projects/Toon Tanks/ToonTanks/Content/Fab/Platformer_8_Underworld/Meshes/SM_pillar_001.uasset" 1677
"C:/Users/ldgre/Desktop/Game Projects/Toon Tanks/ToonTanks/Content/Fab/Platformer_8_Underworld/Meshes/SM_pillar_001.uexp" 1678
"C:/Users/ldgre/Desktop/Game Projects/Toon Tanks/ToonTanks/Content/Fab/Platformer_8_Underworld/Meshes/SM_pillar_004.uasset" 1679
"C:/Users/ldgre/Desktop/Game Projects/Toon Tanks/ToonTanks/Content/Fab/Platformer_8_Underworld/Meshes/SM_pillar_004.uexp" 1680
"C:/Users/ldgre/Desktop/Game Projects/Toon Tanks/ToonTanks/Content/Player/Inventory/Keys/Key3.uasset" 1681
"C:/Users/ldgre/Desktop/Game Projects/Toon Tanks/ToonTanks/Content/Player/Inventory/Keys/Key3.uexp" 1682
"C:/Users/ldgre/Desktop/Game Projects/Toon Tanks/ToonTanks/Content/Environment/Interactables/Walls/UnlockableWallKeyType3.uasset" 1683
"C:/Users/ldgre/Desktop/Game Projects/Toon Tanks/ToonTanks/Content/Environment/Interactables/Walls/UnlockableWallKeyType3.uexp" 1684
"C:/Users/ldgre/Desktop/Game Projects/Toon Tanks/ToonTanks/Content/Fab/Platformer_8_Underworld/Blueprints/Components/BP_AngleRotator.uasset" 1685
"C:/Users/ldgre/Desktop/Game Projects/Toon Tanks/ToonTanks/Content/Fab/Platformer_8_Underworld/Blueprints/Components/BP_AngleRotator.uexp" 1686
"C:/Users/ldgre/Desktop/Game Projects/Toon Tanks/ToonTanks/Content/Fab/Platformer_8_Underworld/Meshes/SM_pillar_014.uasset" 1687
"C:/Users/ldgre/Desktop/Game Projects/Toon Tanks/ToonTanks/Content/Fab/Platformer_8_Underworld/Meshes/SM_pillar_014.uexp" 1688
"C:/Users/ldgre/Desktop/Game Projects/Toon Tanks/ToonTanks/Content/Fab/Platformer_8_Underworld/Meshes/SM_pillar_011.uasset" 1689
"C:/Users/ldgre/Desktop/Game Projects/Toon Tanks/ToonTanks/Content/Fab/Platformer_8_Underworld/Meshes/SM_pillar_011.uexp" 1690
"C:/Users/ldgre/Desktop/Game Projects/Toon Tanks/ToonTanks/Content/Fab/Platformer_8_Underworld/Meshes/SM_wall_001.uasset" 1691
"C:/Users/ldgre/Desktop/Game Projects/Toon Tanks/ToonTanks/Content/Fab/Platformer_8_Underworld/Meshes/SM_wall_001.uexp" 1692
"C:/Users/ldgre/Desktop/Game Projects/Toon Tanks/ToonTanks/Content/Levels/Level1_Underworld.uexp" 1693
"C:/Users/ldgre/Desktop/Game Projects/Toon Tanks/ToonTanks/Content/Levels/Level1_Underworld.umap" 1694
"C:/Users/ldgre/Desktop/Game Projects/Toon Tanks/ToonTanks/Content/UI/WBP_MainMenu.uasset" 1695
"C:/Users/ldgre/Desktop/Game Projects/Toon Tanks/ToonTanks/Content/UI/WBP_MainMenu.uexp" 1696
"C:/Users/ldgre/Desktop/Game Projects/Toon Tanks/ToonTanks/Content/Levels/Level_MainMenu_BuiltData.uasset" 1697
"C:/Users/ldgre/Desktop/Game Projects/Toon Tanks/ToonTanks/Content/Levels/Level_MainMenu_BuiltData.uexp" 1698
"C:/Users/ldgre/Desktop/Game Projects/Toon Tanks/ToonTanks/Content/Levels/Level_MainMenu.uexp" 1699
"C:/Users/ldgre/Desktop/Game Projects/Toon Tanks/ToonTanks/Content/Levels/Level_MainMenu.umap" 1700
"../../../Engine/Content/Maps/Entry_BuiltData.uasset" 1701
"../../../Engine/Content/Maps/Entry_BuiltData.uexp" 1702
"../../../Engine/Content/Maps/Entry.uexp" 1703
"../../../Engine/Content/Maps/Entry.umap" 1704
